record_id,ball_speed_mph,launch_angle_deg,launch_direction_deg,spin_rate_rpm,spin_axis_deg,backspin_rpm,sidespin_rpm,club_speed_mph,attack_angle_deg,carry_distance_yd,max_height_yd,total_distance_yd,lateral_offset_yd
1,116.947,6.62,-12.69,1894.3,-28.72,1661.2605,910.2672,,,106.6601,3.62,193.5696,-58.4755
2,124.2618,9.44,-8.13,1527.26,26.18,1370.5822,-673.8158,,,145.713,7.41,230.4899,-14.206
3,124.8434,11.59,-6.66,2319.25,-1.97,2317.8792,79.727,,,185.444,14.16,222.8565,-28.4449
4,118.4234,15.76,0.83,1933.6899,6.54,1921.1067,-220.2411,85.5852,1.34,185.269,18.23,213.3312,9.241
5,125.4474,10.5,-4.99,2501.9199,9.48,2467.7515,-412.0745,91.4236,-0.92,181.157,12.76,222.7143,-9.0989
6,131.4871,5.46,-5.24,3094.1699,10.71,3040.2705,-575.0147,93.6605,-3.04,164.5888,6.77,231.4632,-7.8193
7,120.034,1.85,-10.83,2385.22,11.74,2335.3235,-485.3228,89.6117,-3.92,65.4418,0.55,188.9983,-30.2056
8,133.3885,11.52,0.87,1699.51,-18.24,1614.116,531.9434,92.1618,1.34,195.0241,13.58,248.5892,-13.9108
9,132.27,12.51,-2.64,3077.6599,11.28,3018.2087,-602.002,92.3631,-1.89,212.8609,20.84,236.4173,5.3587
10,130.7713,13.97,-3.17,3704.9199,13.33,3605.103,-854.2036,93.325,-0.61,212.1938,24.91,231.682,8.2458
11,134.3951,12.02,3.2,5894.0698,19.69,5549.4399,-1985.8944,95.1816,-1.79,205.2931,25.36,219.6741,49.4423
12,137.6387,11.5,-2.62,2523.28,0.49,2523.1877,-21.5791,94.8685,-0.47,223.0643,19.15,251.2358,-11.0783
13,141.6652,8.69,-3.22,3181.8799,6.83,3159.2993,-378.4014,97.3067,-1.56,221.5551,16.66,250.6452,-3.5433
14,131.241,3.5,-6.75,3458.1899,-12.76,3372.7856,763.8023,94.2869,-2.4,145.9208,4.11,217.2682,-40.2778
15,117.3497,15.13,5.94,878.89,7.49,871.391,-114.5661,90.9315,0.36,162.0079,12.78,217.5197,26.0499
16,124.0157,14.05,-7.43,3468.6399,4.55,3457.7083,-275.1639,93.4368,-2.84,197.3753,21.82,218.0993,-22.9003
17,132.5832,8.7,-5.18,3350.8101,-7.38,3323.0522,430.4096,96.3448,-1.67,196.8067,13.92,229.0245,-31.5836
18,120.3695,16.39,-2.78,1716.98,-30.67,1476.8079,875.8189,92.2065,1.4,183.049,17.75,212.4672,-34.8972
19,130.4805,5.68,-4.58,3269.22,7.22,3243.2981,-410.874,93.2131,-2.18,167.7822,7.45,230.1837,-9.0551
20,117.1931,16.54,3.31,2538.6399,22.54,2344.7185,-973.1326,95.4501,-3.97,181.9007,19.82,205.7415,35.7612
21,113.2561,20.48,-1.97,4431.4302,10.93,4351.042,-840.2416,91.6025,-4.19,177.6137,29.39,193.3508,8.1802
22,127.7738,13.44,-1.13,3893.9199,20.99,3635.531,-1394.8214,93.5487,-2.03,199.136,21.71,218.9523,26.6732
23,129.2054,11.04,-2.17,4941.7998,25.74,4451.4453,-2146.1646,93.5039,-5.23,190.07,18.47,208.3989,30.3915
24,125.6487,13.22,-0.58,3927.47,17.99,3735.4575,-1213.0031,94.3316,-3.68,194.4991,20.77,214.2716,23.6877
25,126.2079,15.35,7.64,6532.46,29.46,5687.8081,-3212.7671,94.4435,-3.81,184.2301,25.81,192.1369,71.0193
26,128.6909,14.78,2.6,5544.5098,13.54,5390.4097,-1298.1035,93.325,-2.28,200.9733,28.71,216.3276,35.0503
27,120.2353,14.4,-4.41,4790.6201,15.53,4615.7168,-1282.6544,94.3987,-2.84,183.3333,22.32,199.5407,6.3648
28,133.5004,11.94,-4.1,2776.9099,9.39,2739.7012,-453.0633,94.9579,-1.92,213.7358,19.28,239.2279,-4.5385
29,75.4519,30.82,1.71,2470.3201,15.11,2384.9141,-643.9457,63.6408,-3.68,102.1654,19.23,106.4304,9.2957
30,74.2215,27.57,0.9,3076.49,-5.82,3060.6318,311.9671,64.7817,-3.74,96.1286,16.14,117.3447,1.7279
31,92.6539,24.54,-7.29,3709.25,-13.71,3603.5652,879.1208,72.0293,-5.54,136.4173,22.5,136.4173,-27.9418
32,87.3747,21.67,-7.25,4405.2998,-19.57,4150.8188,1475.5914,71.0675,-4.99,117.7056,16.54,124.9016,-28.8495
33,87.7103,26.24,-3.47,2378.6001,5.16,2368.9607,-213.9249,72.6557,-7.26,128.4449,21.08,137.2594,-5.8071
34,84.7128,24.7,0.42,4218.3901,9.81,4156.7095,-718.7356,71.7162,-5.22,116.0105,19.04,122.8346,7.3491
35,111.0639,15.66,-7.72,2935.26,25.5,2649.3225,-1263.662,,,165.1793,16.7,165.1793,-3.3246
36,113.4798,16.41,0.84,2014.41,29.44,1754.291,-990.1064,,,170.4287,16.5,170.4287,20.7458
37,120.2353,8.69,0.17,5367.04,32.42,4530.5376,-2877.3855,,,153.8167,10.42,177.0341,35.0284
38,122.6512,12.69,1.56,4722.8599,28.47,4151.7095,-2251.3804,88.7169,-4.33,178.8605,18.07,188.7249,39.9606
39,119.2287,15.9,0.42,2905.0901,33.88,2411.8259,-1619.4579,89.6788,-4.73,181.2117,18.91,181.2117,30.5337
40,123.0762,6.82,-4.88,5879.5,21.12,5484.561,-2118.5156,,,165.5074,10.54,165.5074,7.5787
41,130.1002,8.75,-0.58,4331.6899,29.84,3757.387,-2155.3606,,,182.4147,12.71,182.4147,29.0136
42,119.4748,7.26,-4.66,4974.0498,33.13,4165.4316,-2718.5198,,,140.0153,7.69,166.8416,16.6229
43,86.8379,15.66,-16.53,8943.5703,-10.12,8804.4258,1571.478,,,108.563,11.9,108.563,-38.5827
44,123.8144,7.78,-4.94,4221.1499,33.73,3510.5762,-2343.9197,,,157.4584,8.65,157.4584,11.8438
45,123.3223,14.6,-6.1,1660.75,-0.84,1660.5715,24.347,99.0963,-4.87,193.143,16.99,198.1737,-25.4703
46,118.2221,16.26,-6.08,2239.6499,-12.62,2185.5413,489.3274,101.0424,-3.6,189.5013,19.84,189.5013,-31.2008
47,116.3654,17.18,-0.66,3158.6599,32.63,2660.1292,-1703.1868,,,178.4121,20.67,178.4121,27.4278
48,115.068,19.53,-0.53,3298.25,28.54,2897.459,-1575.8121,,,182.3709,25.1,182.3709,27.0779
49,118.9826,16.64,6.18,6015.7798,34.71,4945.2402,-3425.5232,,,171.063,23.05,179.7244,65.5512
50,111.4218,11.71,-10.01,3629.6799,31.88,3082.165,-1916.9861,,,148.0862,11.06,148.0862,-5.0525
51,111.8916,19.99,0.91,3489.1201,25.9,3138.6653,-1524.0537,,,175.4374,24.88,175.4374,28.5324
52,110.2586,18.05,1.06,4228.23,44.8,3000.2283,-2979.3555,,,152.7668,18.5,172.8893,44.521
53,111.981,15.33,-3.42,4624.3901,33.03,3877.0208,-2520.6538,92.296,-2.6,158.8473,17.52,169.6741,22.6597
54,114.8667,17.35,2.99,4652.9199,13.96,4515.4932,-1122.4911,,,178.4996,24.78,178.4996,26.5639
55,113.9943,19.1,9.96,7168.3701,41.65,5356.3379,-4763.9453,,,156.6929,23.34,162.0954,75.5796
56,117.5734,17.76,3.66,5294.9702,30.52,4561.3628,-2688.9924,,,174.5297,24.9,183.1146,51.1155
57,85.1602,16.9,1.74,5868.1201,35.07,4802.7671,-3371.6855,,,102.3622,10.18,102.3622,19.0836
58,101.5122,19.15,-10.35,4306.8901,0.93,4306.3228,-69.9045,,,150.9186,20.69,157.3272,-29.112
59,91.7815,6.03,-0.36,3386.74,55.44,1921.1925,-2789.0908,,,59.9847,1.42,101.9904,12.5656
60,102.8767,20.68,-9.97,3278.8799,-12.4,3202.3911,704.0913,,,158.738,21.95,158.738,-39.0529
61,92.8105,21.49,-6.52,2595.03,-12.45,2534.0066,559.4561,,,135.8815,17.54,139.6216,-24.0267
62,106.2097,21.1,-8.2,3810.05,4.15,3800.0601,-275.7251,,,166.6776,25.67,166.6776,-21.1724
63,104.5991,10.68,-2.53,3101.3401,6.91,3078.813,-373.1226,,,134.6785,8.53,134.6785,-2.3403
64,98.6042,19.13,-1.11,3245.49,-20.38,3042.334,1130.2251,,,142.6728,17.34,151.7826,-17.9571
65,104.0175,19.35,1.24,4749.0298,0.37,4748.9307,-30.6677,,,157.0101,22.74,157.0101,3.9808
66,114.7996,18.88,-1.74,5507.8701,-3.31,5498.6816,318.0149,,,177.8215,28.93,177.8215,-10.269
67,108.5138,19.4,1.69,4752.21,11.87,4650.5928,-977.4906,,,166.0761,24.87,168.9633,18.0118
68,117.7076,14.86,-5.89,3124.28,3.44,3118.6506,-187.467,,,185.6846,19.56,185.6846,-16.3714
69,116.0523,16.66,-0.78,3129.4299,10.52,3076.8281,-571.3673,,,185.5096,21.82,185.5096,8.0599
70,111.8244,18.75,3.41,3988.77,25.42,3602.5994,-1712.1812,,,168.1102,23.14,173.119,36.3189
71,114.3298,15.11,-2.18,2692.8301,7.09,2672.2393,-332.3714,,,176.3123,17.54,184.8425,-0.6234
72,112.4955,16.72,9.04,6362.8999,28.5,5591.8257,-3036.1133,,,157.7209,21.35,160.3346,57.0647
73,131.5542,10.27,-11.42,3130.3799,5.59,3115.4932,-304.9278,,,195.2975,16.22,215.8355,-35.9471
74,130.995,14.28,-5.26,3085.47,14.69,2984.6123,-782.4415,,,215.7152,23.78,225.2953,-0.853
75,131.1292,15.03,-4.22,3276.6299,16.9,3135.124,-952.5234,,,217.2353,25.75,225.5468,7.4366
76,122.4499,15.47,-5.95,2708.03,22.25,2506.3916,-1025.3918,,,194.1273,20.55,220.0022,5.7852
77,127.1922,7.8,-13.0,3646.78,13.01,3553.1699,-820.9672,,,171.7192,10.85,186.0346,-28.4011
78,132.9859,15.39,0.29,3884.3401,18.32,3687.4656,-1220.9406,,,219.3898,28.71,220.724,28.0949
79,91.088,13.76,-18.75,7135.5898,-21.29,6648.6187,2590.8513,,,107.4584,9.97,110.8486,-48.0096
80,115.1351,18.27,-5.8,2294.9099,5.13,2285.7173,-205.2012,,,188.7139,22.51,188.7139,-15.3325
81,127.4606,19.03,-5.14,3189.3601,3.0,3184.989,-166.9182,,,219.7944,33.27,219.7944,-16.787
82,118.2221,23.23,-8.8,4910.9199,-1.26,4909.7324,107.9881,,,188.6155,38.41,188.6155,-33.8255
83,84.243,41.82,-16.17,6127.23,-22.84,5646.8086,2378.3398,,,104.8775,35.7,104.8775,-47.255
84,130.4581,15.28,-8.28,2299.46,-3.86,2294.2437,154.7968,,,220.0569,23.43,227.2638,-38.1999
85,117.3497,20.83,-5.63,5214.0498,6.51,5180.4302,-591.1513,,,185.0831,33.72,185.0831,-10.6737
86,102.8767,24.51,1.08,4866.02,16.75,4659.5615,-1402.3688,,,155.4462,29.16,155.4462,20.2209
87,119.1169,19.19,-2.08,4913.0898,14.71,4752.0557,-1247.5649,,,188.528,30.77,188.528,12.9812
88,79.031,23.17,-5.86,5146.2798,-10.63,5057.9639,949.3136,62.1197,-2.5,98.5017,15.53,105.304,-17.7603
89,93.1684,17.72,-2.43,5647.8599,-14.6,5465.4858,1423.6526,73.2597,-5.44,122.769,16.33,125.3828,-17.2682
90,92.0052,17.72,-5.77,5676.1899,-24.7,5156.8652,2371.8928,67.9805,-6.03,116.8854,14.92,122.7253,-31.5507
91,88.2695,21.01,0.85,5276.8398,-9.88,5198.5806,905.4277,69.8819,-4.27,116.2839,17.9,127.3294,-6.1789
92,103.6596,19.29,-9.5,5766.3301,-28.38,5073.3013,2740.8352,75.2058,-3.81,140.7699,21.56,140.7699,-52.1982
93,96.6133,21.61,-5.51,6156.54,-12.13,6019.085,1293.6768,72.1188,-1.94,130.3915,23.28,139.556,-26.3998
94,104.3754,4.54,-2.92,1811.49,-8.35,1792.2871,263.064,74.1992,-1.06,74.6829,1.62,113.7686,-8.0052
95,95.0698,23.47,0.73,5985.8799,-5.34,5959.9009,557.0801,75.4966,-2.35,129.3963,25.1,138.2655,-3.7292
96,90.8643,22.86,-1.52,4847.6602,-20.61,4537.4009,1706.4006,73.9979,-2.06,122.5722,20.44,124.8906,-19.357
97,82.6995,14.18,0.06,3984.52,-0.59,3984.3088,41.0296,73.2149,-3.26,93.4164,8.16,108.8801,-0.1094
98,80.9547,22.33,3.19,3740.46,6.96,3712.8965,-453.2554,73.2373,-2.92,103.9042,15.05,113.0796,10.5752
99,90.6407,21.09,1.05,6571.54,2.9,6563.124,-332.4735,78.0691,-4.78,119.3023,20.0,128.248,5.2712
100,91.1999,21.22,-1.35,5709.6299,-9.88,5624.9521,979.6881,77.9796,-3.57,121.6207,19.84,126.6295,-11.5923
101,94.0184,19.43,-0.98,6373.5898,-8.88,6297.1948,983.8624,76.6822,-3.97,125.0109,19.54,130.0416,-10.3346
102,92.9223,25.94,3.74,4653.6699,-3.64,4644.2817,295.4487,76.0111,-1.79,129.1667,26.17,138.4514,6.2336
103,99.0292,23.41,5.95,7428.8501,6.99,7373.6348,-904.0621,77.398,-5.35,132.4256,27.92,138.4842,23.9829
104,102.3398,7.54,-4.43,2287.5,1.25,2286.9556,-49.9015,75.4966,-2.06,103.0293,4.4,134.7332,-10.4768
105,98.0449,24.81,4.73,7150.0898,4.86,7124.3833,-605.7651,77.1296,-2.98,131.157,29.1,137.3469,18.0884
106,97.8436,13.52,-3.45,3597.8301,-6.69,3573.3325,419.1378,78.7625,-3.38,127.2857,11.72,139.556,-13.2655
107,119.9669,12.93,1.85,3654.3501,5.83,3635.4487,-371.1986,83.1917,-0.91,177.8871,19.78,195.6802,19.7069
108,122.2262,13.07,1.05,3225.95,0.69,3225.7161,-38.8484,84.7351,-0.76,184.416,20.17,200.7546,4.7135
109,116.6786,15.91,2.81,1583.42,-21.96,1468.5353,592.1345,83.9298,0.25,172.4519,16.83,188.8998,-18.2196
110,119.5642,10.07,-1.79,2561.4299,-30.7,2202.4514,1307.72,83.6167,-1.73,152.0779,10.01,189.2826,-34.5254
111,111.1086,12.83,-3.45,2867.6799,-40.34,2185.7932,1856.3125,86.48,-2.15,138.189,11.19,165.0481,-42.3775
112,119.6985,12.96,3.94,2556.3799,-4.26,2549.3174,189.8944,86.7931,-1.86,177.4934,16.98,201.8045,7.7318
113,112.2495,3.46,-3.96,2452.8701,-25.88,2206.8723,1070.6477,87.33,0.89,80.8508,1.44,123.6877,-26.1155
114,118.8708,6.62,1.27,3281.6299,-19.69,3089.751,1105.6826,86.3234,-0.4,143.2087,7.06,172.7362,-14.5888
115,122.0025,7.97,-1.67,3708.51,-19.96,3485.7441,1265.9518,89.0972,-1.49,161.3517,10.67,182.1194,-28.1934
116,112.5403,13.35,4.73,2843.24,-53.36,1696.8035,2281.4187,84.5115,2.56,133.0271,10.59,158.0162,-22.0035
117,122.7407,11.55,2.76,3509.4399,-22.44,3243.7043,1339.6084,90.9762,0.33,175.6015,16.56,187.2157,-18.6242
118,120.3919,11.88,2.29,2832.77,-69.45,994.3724,2652.51,85.9655,1.32,124.1251,7.97,159.7878,-28.7839
119,124.396,7.92,1.0,3461.45,-44.9,2451.8828,2443.3391,87.0616,0.92,137.6531,7.29,181.4851,-38.4077
120,127.0356,6.29,-0.18,3647.3101,-39.32,2821.6287,2311.1216,91.4907,1.98,140.1356,6.43,186.297,-40.6277
121,123.9934,8.84,-1.25,2966.48,-34.36,2448.8521,1674.2541,88.605,0.4,154.3417,9.42,195.7459,-40.584
122,95.629,7.4,-9.49,6477.9199,21.47,6028.4126,-2371.0093,89.4551,1.55,99.7703,5.53,135.2472,-4.1667
123,103.4583,16.09,12.08,2460.8701,-9.45,2427.4744,404.0425,68.2713,11.93,146.7192,15.51,161.0564,27.1216
124,127.5277,12.28,2.44,3220.8601,-5.53,3205.8699,310.3844,88.2024,-1.85,194.5866,20.91,205.9383,1.542
125,130.6371,9.09,1.57,2384.3999,-25.11,2159.0615,1011.8379,91.2446,-1.15,177.57,11.33,206.7695,-20.5271
126,122.1815,12.86,3.18,1647.13,-13.19,1603.6766,375.8436,92.2736,-0.41,174.6282,14.07,199.8141,0.8858
127,102.6083,12.43,3.57,885.54,35.51,720.8421,-514.3615,84.0417,2.72,107.2944,6.54,160.794,20.374
128,122.1591,2.52,-6.18,2010.1801,-15.06,1941.1389,522.3059,93.0565,-0.35,81.332,1.06,156.8569,-18.8539
129,110.5718,11.62,10.11,1880.61,-49.56,1219.8604,1431.3052,82.0061,8.56,122.0144,7.6,185.0503,1.0499
130,112.3837,8.46,-2.67,1385.11,-59.48,703.413,1193.2057,95.8975,-0.83,89.9606,3.72,165.5621,-14.2388
131,125.2684,2.35,-2.23,2532.1499,-20.25,2375.6411,876.4202,91.2894,0.2,95.8771,1.41,170.724,-33.7489
132,115.1127,9.23,-5.78,883.53,-37.62,699.8235,539.3258,81.4469,1.69,105.129,4.62,204.5057,-32.0538
133,110.1915,22.93,-0.96,4131.1899,-27.48,3665.0759,1906.292,86.1892,2.01,169.6522,29.32,184.0332,-36.8548
134,119.0274,9.27,-5.01,1101.67,-41.02,831.1887,723.0507,90.842,1.16,115.4965,5.23,212.8718,-35.2253
135,100.7964,20.3,5.48,3070.28,6.74,3049.0613,-360.3405,,,151.8045,20.53,170.3303,23.0752
136,102.5635,24.35,-7.08,5503.25,-19.18,5197.7705,1808.021,,,150.514,28.73,162.5109,-43.6461
137,76.0558,38.2,-1.25,4166.54,-14.54,4033.0967,1046.0342,,,97.43,26.98,106.4414,-10.5096
138,118.0655,6.95,-4.96,1850.78,-45.49,1297.4594,1319.8431,,,99.9891,3.44,191.7979,-38.6592
139,116.2983,15.26,-4.82,2538.1499,-53.18,1521.1212,2031.8453,,,151.3123,13.35,183.4646,-53.3793
140,79.9481,25.75,-0.5,4793.3398,-0.08,4793.3354,6.6928,71.2688,-4.56,105.6758,18.01,116.8526,-1.1155
141,91.692,24.94,-4.33,4739.0,-13.55,4607.0938,1110.3185,72.7675,-4.07,130.3806,23.12,142.2791,-23.0643
142,81.2903,26.48,-0.86,4095.4099,-0.39,4095.3149,27.8764,72.9912,-4.04,110.0066,19.14,122.6269,-2.1872
143,84.4443,31.58,4.05,3284.8401,6.64,3262.8062,-379.8281,73.6176,-3.18,120.1225,25.96,132.36,14.4904
144,77.7559,28.09,-2.61,4205.27,2.18,4202.2266,-159.9643,69.5463,-4.04,102.7778,18.89,114.3045,-4.2542
145,76.3019,26.66,-1.26,3580.7,-12.92,3490.0481,800.6099,68.7634,0.18,99.0814,16.36,112.7078,-9.0989
146,92.4749,27.57,-3.25,4567.6401,3.19,4560.5625,-254.1766,77.7335,-3.44,133.8692,27.25,144.9694,-5.9711
147,89.4103,19.08,-2.39,4445.8301,12.4,4342.1191,-954.6767,76.9506,-4.38,119.6194,14.92,134.9628,3.1059
148,86.5694,16.94,-2.94,1325.38,25.83,1192.9623,-577.4713,76.548,-7.2,100.2625,8.67,137.6422,1.4326
149,96.3896,15.75,-3.93,2326.26,-27.36,2066.0364,1069.1023,77.6441,-4.99,122.5722,10.88,152.9965,-26.4326
150,87.3524,15.53,-7.72,2093.3,-51.47,1303.9677,1637.551,77.1743,-3.86,90.7262,7.2,130.5774,-35.6846
151,112.7863,15.27,-5.17,4142.5298,-16.85,3964.6782,1200.783,78.248,-3.43,167.64,19.07,185.8377,-37.2703
152,113.7706,15.62,-3.15,5541.3701,-2.86,5534.4683,276.4904,82.4758,-3.6,170.5709,22.81,184.3285,-14.6654
153,117.0589,14.88,-5.27,4868.1401,-17.81,4634.8394,1488.9763,82.2298,-3.74,175.3609,21.18,191.6229,-42.465
154,89.4775,19.62,5.44,2839.0701,-17.48,2707.967,852.7796,62.5447,14.5,120.6037,14.21,140.6496,2.9746
155,104.1741,13.72,-10.44,2678.29,-3.8,2672.4019,177.5007,80.731,-1.57,141.6776,11.94,171.3255,-34.6129
156,91.088,21.94,5.24,3030.23,9.54,2988.3223,-502.2185,64.7593,10.55,129.8119,17.98,147.6159,20.7896
157,89.634,24.44,5.01,4457.2998,25.58,4020.4102,-1924.5325,73.7965,0.77,124.0048,20.36,137.161,31.9773
158,97.262,24.39,7.13,5794.79,23.48,5314.9766,-2308.8118,79.9481,-0.17,137.839,25.22,149.1579,43.1868
159,87.4195,21.85,0.71,2933.6899,11.15,2878.3145,-567.3117,79.3889,-2.09,120.5709,16.14,138.692,8.7708
160,93.4816,15.51,-2.46,1195.86,-4.79,1191.6834,99.859,81.8719,-4.16,111.9641,8.89,157.9287,-8.6505
161,86.8826,16.42,1.38,1118.1801,-10.02,1101.1245,194.5543,81.2455,-3.08,99.6172,8.23,141.1417,0.3609
162,106.5005,14.54,-1.99,4092.29,2.37,4088.7896,-169.2264,84.3549,-5.02,152.9746,15.98,171.7082,-3.7402
163,95.4053,17.38,0.72,3430.96,18.28,3257.8167,-1076.1584,83.7285,-4.06,129.7353,14.2,149.3438,15.3762
164,116.7233,17.48,1.71,5533.0498,16.67,5300.5112,-1587.2048,86.7484,-3.06,177.1654,26.63,191.7651,30.8399
165,83.818,4.1,26.82,3340.78,30.71,2872.2795,-1706.1128,82.7666,-4.77,39.1404,0.68,102.9746,52.1872
166,103.8833,17.37,-4.0,1164.02,36.17,939.6778,-686.9849,84.7128,-5.26,138.8561,12.72,176.4436,3.0621
167,91.3117,19.38,-14.15,7915.2402,-12.95,7713.9238,1773.8104,89.7235,-2.73,120.5818,17.4,130.4353,-44.8491
168,93.3474,14.15,-0.27,1894.63,-61.39,907.2343,1663.2946,85.5404,-4.16,92.2244,6.52,143.0774,-21.9488
169,118.7366,13.94,-5.26,3163.95,9.08,3124.3022,-499.3137,83.0574,-5.37,182.3819,18.38,204.7682,-8.5411
170,98.9844,17.59,2.87,754.69,-5.19,751.5959,68.2683,82.1627,-0.69,128.259,11.41,171.8832,7.1522
171,107.1716,4.74,-5.48,1812.39,13.12,1765.0808,-411.3967,83.1469,-2.8,73.5674,1.64,165.4746,-10.8924
172,112.0481,6.81,-0.72,1602.88,-5.16,1596.3842,144.1587,76.3466,-0.89,101.5092,3.48,186.2533,-4.8556
173,116.7457,8.57,-3.96,923.05,-55.52,522.5557,760.8921,84.7351,-1.11,95.8443,3.83,199.9016,-28.3136
174,98.5594,20.88,-1.79,3639.47,-47.14,2475.6016,2667.7966,82.8338,5.25,132.3272,17.17,150.3718,-38.4514
175,116.1641,7.23,3.64,2490.4199,7.33,2470.0676,-317.7376,80.306,-2.47,131.157,5.63,200.5796,19.0179
176,120.8169,11.27,0.3,3112.3401,15.44,3000.0151,-828.5956,86.3681,-0.64,174.3876,13.8,203.9917,18.4493
177,117.8194,11.81,-5.42,2167.5601,16.14,2082.1265,-602.5499,87.2629,-0.66,162.6969,11.69,207.7428,-5.3478
178,107.3282,19.02,2.79,4658.46,27.0,4150.7183,-2114.8965,84.2878,-0.18,156.9882,21.92,172.0363,38.6264
179,119.7879,7.03,-1.5,1482.77,-5.07,1476.9686,131.0365,83.2364,-2.55,117.1697,4.23,208.4646,-8.2896
180,111.1086,2.68,-10.8,2274.0801,10.54,2235.7104,-415.9791,86.6589,-3.37,62.5547,0.75,170.199,-27.7559
181,120.7051,8.51,-2.35,2949.6001,18.38,2799.1296,-930.0613,88.7169,-4.46,154.8119,8.68,208.9458,10.8924
182,115.3364,15.98,1.29,4167.5698,20.29,3908.97,-1445.1963,92.8552,-2.11,174.4204,21.21,192.1807,30.0416
183,115.672,13.07,-3.48,1410.15,-51.55,876.8757,1104.3605,85.6523,2.95,135.8377,9.18,201.8154,-38.6155
184,111.1086,14.74,0.26,3525.6201,6.39,3503.7166,-392.3856,79.6349,-4.0,165.1903,17.33,172.7362,7.1741
185,97.1949,13.06,-3.54,2349.0701,-7.33,2329.873,299.7036,78.8744,-4.15,119.8928,8.76,132.9724,-11.5814
186,94.4882,7.83,6.88,4570.8101,-3.42,4562.6699,272.6709,82.4087,-4.52,96.8723,4.59,112.839,12.0954
187,115.2246,12.16,-3.55,3079.77,-4.55,3070.064,244.3152,82.4982,-4.54,166.5901,13.9,180.8508,-16.3058
188,104.0175,12.39,0.62,3324.71,15.54,3203.1707,-890.7264,84.1535,-5.53,136.5376,10.67,159.077,13.6264
189,96.7922,10.7,-4.07,1770.58,-7.91,1753.7338,243.6626,82.7666,-2.67,100.7437,5.57,157.1741,-14.7857
190,105.0018,13.84,2.13,4663.54,20.84,4358.4399,-1659.0985,81.6929,-5.69,143.0993,13.95,155.8071,24.5626
191,107.4848,14.49,-0.54,3135.78,18.61,2971.8186,-1000.705,82.6324,-4.73,151.7498,14.3,171.7957,14.1404
192,85.6747,12.77,11.51,3461.9099,8.09,3427.4578,-487.1891,77.398,-4.88,93.4602,6.73,133.7052,31.8241
193,108.6256,5.99,-5.49,3765.28,2.83,3760.688,-185.9022,78.4494,-1.75,116.7979,4.49,129.5385,-11.0455
194,102.049,16.13,-3.28,7125.6699,1.8,7122.1538,-223.8227,79.6126,-6.11,142.2135,18.88,153.6964,-8.6067
195,99.7897,13.41,-2.41,7194.77,-21.07,6713.7412,2586.5791,80.5744,-3.83,130.129,13.05,130.129,-22.1785
196,102.832,21.18,3.05,7481.1802,12.7,7298.1499,-1644.709,80.4626,-5.79,146.3801,26.16,151.1374,23.4252
197,109.6994,19.05,-5.99,5571.4302,-5.77,5543.2026,560.1257,78.6954,-3.99,166.1308,26.19,166.1308,-25.4812
198,106.7466,18.31,-1.79,6248.6499,4.74,6227.2793,-516.3526,80.3508,-6.34,156.4523,23.98,163.1234,0.0
199,103.6149,16.31,-1.55,6297.5601,9.0,6220.0269,-985.1554,81.5811,-5.96,146.413,19.18,158.738,6.1242
200,104.9347,21.1,-8.91,6522.77,-7.36,6469.0278,835.5881,76.9059,-2.85,154.1667,27.06,154.1667,-34.241
201,101.2661,21.88,4.07,8467.5596,6.93,8405.6982,-1021.6672,80.0599,-4.8,141.7213,26.95,144.5866,19.4116
202,93.9737,21.51,1.74,9036.6104,14.42,8751.9238,-2250.3687,81.0889,-4.87,126.192,21.88,131.0039,18.5696
203,103.1675,22.69,0.88,7922.4199,6.45,7872.2734,-889.9738,80.9995,-5.06,146.3145,29.18,152.5262,11.811
204,86.5694,21.91,-0.81,4780.9302,-5.7,4757.291,474.8408,78.0914,-3.38,117.5416,17.22,123.6986,-5.6102
205,92.3407,15.27,-3.43,2590.8401,-35.35,2113.1748,1498.9811,72.611,-3.25,111.4064,9.15,111.4064,-18.7117
206,101.9148,11.98,-0.17,4681.8701,0.81,4681.4023,-66.1862,75.7874,-5.33,133.2349,11.26,154.6916,-1.4873
207,107.4848,15.3,3.31,5565.3799,6.22,5532.6177,-602.9887,78.1809,-6.16,155.6868,19.03,163.4186,16.776
208,98.0002,15.75,0.17,3054.5601,-2.18,3052.3494,116.1924,76.369,-5.41,133.4864,13.19,155.0306,-3.248
209,83.2364,16.45,6.18,1701.16,6.63,1689.7834,-196.4113,70.2845,-1.99,94.9913,8.18,126.378,16.1417
210,108.3348,13.13,-2.95,4813.9902,-7.01,4778.0049,587.5118,78.4494,-4.66,153.598,15.3,166.3276,-16.1636
211,95.9869,18.88,5.63,3642.3899,17.01,3483.0488,-1065.5396,76.3243,-3.81,135.3018,16.55,151.892,28.598
212,100.0582,18.94,6.41,4247.5,16.04,4082.1409,-1173.6199,80.3731,-4.8,144.3241,19.02,159.5254,33.8255
213,105.8742,12.94,-0.03,5655.8398,7.16,5611.7354,-704.9471,80.5073,-9.47,146.0193,14.83,158.6723,7.7865
214,108.044,16.79,2.87,5699.3701,9.17,5626.5312,-908.2761,80.7087,-3.69,158.6177,21.61,164.7966,19.0945
215,106.7019,16.03,-0.49,3680.6299,3.39,3674.1895,-217.6435,77.0625,-5.34,157.8303,17.81,168.7336,1.5529
216,115.493,12.08,-0.63,3005.02,24.09,2743.2991,-1226.5624,83.7956,-3.59,159.416,12.57,178.4558,18.1212
217,112.2047,12.65,4.65,4037.8,14.18,3914.772,-989.1357,81.2232,-3.99,159.1317,14.69,168.2415,27.6903
218,111.3099,13.59,2.64,2914.48,3.94,2907.5918,-200.2591,84.9141,-3.03,161.4939,14.55,175.4374,11.9641
219,114.4417,11.24,1.1,4086.8799,13.58,3972.623,-959.6109,86.7484,-3.66,160.4221,13.4,174.0267,16.5026
220,104.4649,14.41,0.34,2263.55,16.63,2168.8723,-647.8056,82.5429,-0.68,141.6776,11.96,166.3823,12.0188
221,120.884,12.0,-4.79,3465.22,-5.25,3450.6831,317.0732,85.5852,-4.04,181.8679,16.46,197.2769,-24.5954
222,116.0746,13.22,2.28,4815.6099,14.98,4651.9565,-1244.7477,86.8602,-2.59,169.0289,18.2,176.5967,24.5079
223,109.0283,11.39,-1.46,4280.7598,9.55,4221.4336,-710.2133,84.2654,-4.03,148.7314,12.25,178.2808,6.2445
224,112.9876,2.72,-5.93,2332.3101,10.83,2290.7693,-438.2308,82.0061,-4.41,71.8941,0.87,116.1745,-16.6667
225,111.5113,14.16,6.86,4852.6299,30.52,4180.3076,-2464.3547,0.0,0.0,152.8106,15.7,163.9654,49.5844
226,113.3232,13.64,-0.42,2731.8501,18.28,2593.9873,-856.8749,0.0,0.0,162.9812,14.35,184.2192,19.007
227,114.7772,10.62,-3.03,2139.76,4.54,2133.0461,-169.3728,,,150.1531,9.42,164.8075,-6.168
228,121.3538,13.37,4.98,1748.7,-31.95,1483.7898,925.3752,78.5165,5.17,168.1649,12.99,217.0166,-7.5678
229,120.9288,9.03,11.83,5503.4902,22.27,5092.9756,-2085.6667,90.9091,-2.71,161.8438,12.52,176.4108,63.2108
230,108.7151,14.52,9.07,4122.1499,36.05,3332.7737,-2425.8481,86.8602,-4.48,145.2975,13.77,148.4799,50.2843
231,114.9338,13.95,1.79,4814.9199,27.53,4269.7212,-2225.5186,86.6589,-1.84,162.8062,17.31,170.2865,34.2848
232,98.5594,8.67,-7.97,6081.3101,11.41,5961.123,-1203.0559,91.2894,-3.65,114.3919,6.98,126.4654,-10.1269
233,109.4533,15.03,-2.01,4611.7202,28.45,4054.7773,-2196.9851,86.9721,-3.42,153.6308,16.61,163.5936,21.3145
234,121.1077,11.17,1.27,3729.6799,14.96,3603.2673,-962.7968,87.6432,-2.63,175.7437,14.97,198.5455,24.3438
235,110.6836,3.28,-6.12,2273.75,15.83,2187.5188,-620.2427,77.8454,-4.59,68.7773,1.06,167.5962,-11.3626
236,109.0954,3.33,-12.9,1136.62,-40.23,867.7616,734.0945,83.5943,2.51,44.7288,0.59,167.0494,-43.6899
237,112.2942,4.59,-14.78,1186.39,-47.6,799.9857,876.096,89.9025,0.2,58.5192,1.15,177.4825,-55.0634
238,121.6222,12.46,3.1,2605.9299,7.33,2584.6338,-332.4748,84.5338,1.17,182.699,15.42,211.9532,19.7288
239,119.6761,10.08,-3.2,1295.73,7.28,1285.2847,-164.1928,86.2115,0.13,141.1308,7.5,224.3657,-8.0818
240,132.1582,6.64,0.34,2041.59,-17.6,1946.0245,617.3154,90.1933,0.27,153.5761,6.06,240.5512,-15.2559
241,124.4184,7.52,-3.92,1138.5699,-13.31,1107.9865,262.1211,93.4816,-0.86,120.1444,4.48,223.2611,-21.5989
242,114.4193,17.39,-2.89,4052.28,16.27,3889.9949,-1135.3035,90.8644,-0.52,176.8373,23.63,193.7664,10.7283
243,98.6936,28.13,-14.25,4987.9199,-27.96,4405.7056,2338.6111,89.2985,0.38,142.2572,29.79,148.2065,-64.8185
244,104.1294,12.73,-8.09,2322.05,-35.65,1886.8804,1353.3658,84.1088,0.53,123.4252,8.67,171.2708,-46.8613
245,113.5916,20.45,-3.16,3707.0801,-5.41,3690.5669,349.5112,89.4775,1.69,182.2178,28.74,200.0875,-19.007
246,113.0995,15.95,0.22,1686.5,-31.95,1431.0125,892.4603,84.6457,2.46,161.0018,14.61,194.7507,-20.9099
247,118.9379,13.54,0.75,1268.91,-19.21,1198.2557,417.5113,85.9878,0.57,162.4563,11.96,217.6728,-9.1535
248,116.2759,14.53,8.33,3940.0901,22.14,3649.5706,-1484.9056,84.3101,-1.06,172.0254,18.33,191.8744,54.7353
249,122.5394,10.56,4.22,1722.48,4.19,1717.8762,-125.8515,85.7865,-0.1,162.85,9.94,228.3027,20.549
250,123.0986,9.02,4.38,4251.02,16.38,4078.4814,-1198.8154,88.3814,0.17,172.0363,12.53,199.9672,36.5267
251,112.2047,5.1,-6.27,2377.8,21.21,2216.7295,-860.2577,83.5048,2.92,93.2524,2.47,176.6404,-7.5022
252,88.0458,19.37,11.29,2689.6001,52.1,1652.1816,-2122.3206,72.7228,-1.31,103.6527,10.98,125.9296,46.1614
253,103.7267,22.02,-1.2,3510.3201,10.69,3449.3992,-651.1472,82.7219,-0.37,160.0722,25.16,176.3014,7.4803
254,118.8932,10.9,-1.13,2549.1101,20.85,2382.1826,-907.2859,84.5786,0.25,161.1439,11.07,206.4523,16.2402
255,111.6231,2.62,-10.6,1916.4,10.09,1886.7606,-335.7435,87.3524,0.9,56.682,0.63,172.4191,-28.4558
256,101.6016,25.51,1.73,5688.9902,13.23,5538.0,-1301.9856,84.1312,0.4,148.8626,30.68,159.4488,20.6365
257,120.6603,10.16,-5.02,1590.1899,6.29,1580.6172,-174.2225,87.151,2.39,151.717,8.57,225.4812,-15.0481
258,99.4318,15.79,-0.8,1667.91,19.19,1575.2305,-548.2451,74.6913,2.55,130.0416,11.24,166.2948,8.0271
259,83.8404,32.29,-2.5,3771.3301,-16.17,3622.1348,1050.271,73.282,1.99,116.7323,26.3,127.909,-17.0385
260,121.0182,7.82,-4.19,2125.1299,8.47,2101.9514,-313.0136,91.267,-0.4,142.7931,6.54,219.1492,-8.6067
261,110.3481,15.05,0.29,2470.3799,11.44,2421.3008,-489.9792,84.4667,-0.98,161.822,15.4,187.3578,11.0455
262,93.6829,35.25,0.52,4893.4199,-7.96,4846.2715,677.6492,88.7169,1.67,130.818,37.8,139.4466,-6.0914
263,88.9182,27.39,-7.6,5407.04,-10.48,5316.8423,983.4989,86.5023,-3.0,123.8517,24.85,133.6395,-27.745
264,112.1376,14.44,-4.39,2148.1599,3.66,2143.7786,-137.1291,86.9945,1.96,163.7249,14.51,193.8758,-12.0297
265,75.8769,20.18,3.61,3508.8101,28.67,3078.6211,-1683.4012,67.9805,-2.89,87.5656,9.94,105.3587,18.1649
266,100.9306,19.49,6.59,6092.75,15.53,5870.3062,-1631.2904,76.6598,-3.08,143.5258,21.59,154.79,35.4112
267,94.7342,18.95,3.21,6608.0098,25.43,5967.7632,-2837.5325,76.1901,-4.2,126.2139,17.2,138.1999,30.3806
268,88.9182,20.4,-1.45,3241.3799,5.25,3227.782,-296.5915,70.8214,0.41,122.091,15.52,140.1465,-0.164
269,98.7831,13.68,-3.08,4972.6201,21.09,4639.5361,-1789.3177,76.5032,-3.59,127.4606,11.83,146.4567,9.3176
270,108.7598,17.14,-1.71,4948.21,4.67,4931.7827,-402.8667,78.5165,-4.33,162.5328,22.06,177.1107,0.164
271,108.7151,12.46,-5.13,4354.6699,-2.52,4350.4585,191.4666,80.3508,-4.73,152.3731,13.99,171.9488,-18.4711
272,88.1353,11.94,6.8,4336.7202,-1.84,4334.4839,139.2457,78.4046,-5.97,99.0267,7.06,129.3526,14.4138
273,91.6696,12.56,-7.21,1623.27,-26.26,1455.7412,718.2081,74.8031,-0.52,94.5429,5.98,149.4751,-29.1885
274,107.9993,12.58,0.6,5274.98,21.34,4913.3135,-1919.5736,79.277,-5.37,146.1177,13.74,164.206,23.8298
275,113.7706,14.06,-2.94,4256.1099,6.02,4232.6392,-446.3621,80.7087,-5.59,169.7835,18.5,188.1999,-2.6247
276,100.1476,8.21,1.82,2056.3501,-45.66,1437.2135,1470.7118,74.311,,83.213,3.47,147.6597,-15.5621
277,80.9995,10.54,5.74,1681.9301,-73.42,479.9454,1611.999,72.2083,-2.78,52.8981,2.57,106.7257,-2.3513
278,112.4955,8.3,-5.4,1810.48,-60.68,886.5684,1578.5546,79.2099,-3.91,91.5245,3.77,171.0849,-43.0118
279,80.7758,18.11,0.09,6433.7002,9.9,6337.8979,-1106.1401,77.1519,-2.95,95.7787,12.27,106.6273,6.7476
280,112.5626,6.02,-0.09,3614.1799,10.49,3553.7749,-658.0117,80.2165,-3.99,130.3696,6.22,174.0376,10.8158
281,81.9837,16.43,9.87,2752.6101,46.5,1894.7719,-1996.6727,61.8289,11.26,84.8425,7.6,109.7113,37.15
282,107.9769,11.37,2.51,3585.3501,14.41,3472.5542,-892.2463,78.852,-5.42,142.4103,12.22,162.9156,21.9051
283,100.2819,16.74,7.66,1728.5699,56.2,961.596,-1436.4147,76.9953,1.49,117.64,10.71,149.5297,46.238
284,116.3878,9.25,1.35,1921.1899,-17.62,1831.0575,581.5492,83.0798,-4.7,141.3167,7.97,197.9877,-10.6627
285,97.262,19.65,-0.66,3240.5601,17.47,3091.0869,-972.8367,81.6258,-5.73,135.6518,18.79,151.6842,14.1514
286,95.8304,21.01,-1.87,3090.3301,5.52,3075.9993,-297.2687,82.8114,-3.11,136.0346,20.25,151.706,-0.1312
287,114.3746,11.55,2.1,5212.0298,21.24,4857.9824,-1888.1899,85.5852,-7.68,153.423,16.27,168.1649,33.9676
288,99.8568,13.57,2.77,558.24,37.23,444.4781,-337.7441,74.6242,3.92,101.8482,6.65,171.9051,15.9558
289,96.658,16.37,7.58,1079.37,81.1,166.9899,-1066.3743,82.3416,-6.0,97.08,7.83,144.0726,38.0031
290,95.8527,15.15,5.4,1130.74,24.37,1029.9908,-466.5745,62.5224,11.0,112.9593,8.96,156.2883,24.9891
291,101.02,12.83,4.26,1377.96,-56.63,757.938,1150.7839,85.876,-0.92,101.2467,6.57,160.1925,-10.7502
292,96.9265,4.41,-6.67,1267.98,48.05,847.6216,-943.0328,79.6573,-3.94,44.3351,0.82,132.8631,-7.2288
293,115.068,9.13,-3.93,2622.8101,-16.52,2514.542,745.7961,78.1138,-3.75,145.6256,9.13,187.0954,-29.7572
294,104.711,16.16,-2.32,2499.6799,8.6,2471.5745,-373.7905,85.7194,-5.57,149.3657,16.42,170.3193,0.9405
295,113.5245,10.3,-0.69,1564.88,-42.12,1160.7369,1049.5424,83.4601,-3.76,121.3801,6.7,188.7577,-27.8762
296,111.8468,10.5,-2.98,2765.9399,2.51,2763.2864,-121.1309,78.1586,-1.42,147.7034,9.77,163.0468,-7.021
297,95.4053,3.94,-5.13,1850.85,32.69,1557.6848,-999.6318,83.214,-2.34,54.1885,0.75,54.1885,-2.8653
298,74.2663,17.11,13.04,1963.74,41.9,1461.6344,-1311.4495,68.9647,3.93,75.6999,6.23,75.6999,23.2065
299,102.228,13.55,2.78,6539.9199,33.34,5463.6055,-3594.3801,85.5404,-2.08,128.8605,12.33,147.0144,37.1172
300,100.7516,16.78,3.71,1918.86,28.25,1690.306,-908.2341,81.6482,-2.35,136.5157,12.83,160.0722,26.192
301,111.4442,12.4,0.02,4040.95,25.32,3652.7495,-1728.2068,82.2969,-5.41,151.8263,13.07,170.5709,24.0267
302,111.4665,13.55,6.23,5215.04,21.79,4842.4287,-1935.853,81.6482,-4.19,155.8618,16.33,167.2135,41.1745
303,83.8404,8.69,-9.31,5052.79,8.58,4996.2417,-753.8266,81.939,-4.86,79.2432,3.76,98.7095,-15.9777
304,85.1154,11.31,16.12,10611.6904,-17.65,10112.1602,3217.4814,82.4535,-4.69,92.7275,7.33,103.5761,19.182
305,110.9744,7.82,3.04,4603.71,23.02,4237.1094,-1800.2917,82.2074,-7.13,132.196,7.15,159.3395,28.1715
306,112.764,13.06,2.13,3853.1799,24.68,3501.2075,-1608.8948,84.8917,-5.69,157.36,14.33,168.2852,29.0026
307,107.5519,14.24,2.98,2677.03,23.46,2455.7419,-1065.749,86.5471,-3.84,147.6925,12.89,169.8819,26.706
308,107.7085,9.18,-0.77,3375.5901,25.21,3054.0745,-1437.7894,0.0,0.0,125.9296,6.99,157.5678,15.5949
309,113.9943,11.06,-0.26,3879.51,22.02,3596.5115,-1454.5455,,,154.4619,11.99,170.1881,19.3241
310,93.5934,19.81,-0.81,5880.3999,19.95,5527.521,-2006.3925,74.7137,-4.27,126.7826,18.09,142.1697,23.3268
311,104.0175,16.03,-3.53,4267.3301,1.25,4266.3145,-93.0913,77.5322,-4.12,153.0512,17.44,153.0512,-8.7598
312,83.6167,20.56,1.2,5415.0298,22.61,4998.8477,-2081.8433,70.7767,3.19,106.2227,14.1,113.8233,15.3762
313,96.9712,2.11,-2.25,9336.6299,-7.62,9254.1816,1238.0593,77.4875,-3.48,78.1387,1.44,101.7498,-7.9615
314,105.8295,19.51,-0.45,4007.1499,11.4,3928.0935,-792.0425,80.2389,-2.67,160.7174,23.02,172.4191,9.4269
315,111.0192,16.66,-4.06,5411.8901,2.03,5408.4937,-191.7041,82.4535,-3.68,166.9182,23.09,175.6452,-11.297
316,89.4327,18.87,-4.49,3604.48,-9.35,3556.592,585.6017,77.1743,1.08,120.0459,14.21,134.591,-6.6054
317,104.3754,15.77,-2.31,4120.5801,-0.55,4120.3901,39.5541,80.7758,-5.29,151.6295,17.03,166.612,-8.8364
318,101.4451,18.49,0.07,3574.73,9.09,3529.8364,-564.7563,78.4941,0.12,149.5188,18.88,168.3618,7.699
319,111.1534,17.79,-3.81,3939.72,-2.85,3934.8472,195.8883,81.156,-4.06,174.0485,23.23,174.0485,-15.2559
320,95.9422,18.36,1.56,3572.6499,17.0,3416.5422,-1044.5417,78.7402,-2.87,134.9409,15.9,146.7082,18.1649
321,112.7416,19.07,0.1,4827.3599,-4.43,4812.938,372.8705,80.8652,-2.69,175.0219,27.45,179.2214,-5.4681
322,93.9737,18.91,2.25,3118.51,-7.97,3088.3877,432.3956,75.1387,1.83,132.185,15.73,149.0704,-3.423
323,89.634,12.8,-1.9,6065.3398,26.81,5413.3589,-2735.6702,75.7203,-5.38,101.9576,8.25,119.2695,12.0735
324,95.0698,19.47,-2.31,6160.0,5.2,6134.6479,-558.2966,74.2663,-3.37,131.7695,19.27,141.8307,-2.9856
325,90.0143,6.79,1.96,3111.8601,25.27,2814.0742,-1328.4045,74.6466,-3.3,70.7021,2.31,77.2856,7.4366
326,95.7409,20.33,-2.44,5508.77,-24.6,5008.7729,2293.1953,74.915,-1.87,133.0271,19.04,133.0271,-24.7485
327,89.6788,19.94,5.49,4593.1802,21.44,4275.3359,-1678.9299,75.2953,-2.06,120.1444,15.54,134.2848,28.6855
328,82.2298,9.88,30.24,8850.79,65.22,3709.6772,-8035.8433,76.794,-4.21,55.8071,2.67,68.9523,45.3084
329,79.8586,11.12,25.05,6528.0801,12.84,6364.8418,-1450.7301,75.7427,-4.66,81.7913,5.05,81.7913,39.1623
330,86.6142,12.62,10.95,4625.23,29.57,4022.8096,-2282.4888,73.9755,-5.76,91.5792,6.58,118.7555,38.0796
331,77.7559,13.33,14.44,3923.8101,20.13,3684.1208,-1350.3844,75.4295,-6.27,79.4619,5.49,91.7323,32.71
332,91.8933,23.0,6.17,7635.6699,18.09,7258.2383,-2370.9561,75.7874,-5.09,124.4313,21.72,131.8023,31.4414
333,81.2679,3.99,6.78,7122.54,2.09,7117.8018,-259.754,72.8123,-3.44,57.8959,1.05,57.8959,7.185
334,91.7368,19.05,-7.2,3227.54,-4.57,3217.2788,257.1607,76.2124,-5.46,127.8543,15.08,127.8543,-19.1601
335,79.0533,19.36,-4.87,2163.6599,-8.14,2141.8611,306.3577,65.4975,8.07,96.916,10.03,106.8679,-13.8561
336,100.595,18.23,-1.13,4116.6001,-5.9,4094.7937,423.1557,78.2033,-5.72,146.1505,18.76,156.343,-8.9129
337,89.6117,20.37,-1.74,3587.0,6.89,3561.0957,-430.3093,73.8413,-2.84,123.9064,16.08,151.7826,8.8036
338,97.5975,20.41,1.08,4469.1299,9.1,4412.8809,-706.8289,77.2638,-4.03,141.1527,20.54,153.423,12.9156
339,102.5635,18.86,1.03,5331.96,-4.28,5317.0903,397.9276,75.3848,-4.68,149.5625,21.82,158.563,-1.9794
340,99.8121,14.81,2.55,5639.79,6.6,5602.4136,-648.2214,78.8744,-7.17,136.1439,14.93,147.0363,13.4077
341,100.8411,19.43,2.43,4630.8999,-1.45,4629.417,117.1829,76.9059,-4.08,147.6269,21.17,158.9786,6.1352
342,104.4426,19.8,3.16,4874.5601,-2.95,4868.1001,250.8666,78.4941,-4.21,156.1899,23.9,163.9217,6.5179
343,92.4526,15.67,10.74,5225.5898,23.07,4807.6826,-2047.6757,78.1138,-4.88,117.2025,11.85,138.867,44.1929
344,99.0292,16.76,2.89,5832.2998,3.06,5823.9839,-311.338,77.0848,-6.26,137.9046,17.43,150.5687,13.0577
345,77.398,22.94,-13.2,7631.0098,-11.7,7472.459,1547.4717,69.6582,-4.43,95.1334,14.58,104.3198,-31.7804
346,84.6904,24.33,-8.81,7943.7598,-6.84,7887.2207,946.0792,73.0807,-8.24,110.6955,19.9,118.832,-24.7594
347,83.1693,28.82,-6.99,5701.0098,-7.46,5652.7549,740.1848,77.4651,-8.3,111.7126,23.13,121.2598,-21.2817
348,83.7285,25.92,-6.15,7790.0698,-6.13,7745.5278,831.8602,74.2887,-6.32,109.416,21.04,117.0166,-18.1212
349,91.7144,11.45,-6.63,4269.6699,6.55,4241.8003,-487.0422,77.9572,-8.77,105.3696,7.36,136.8766,-11.6907
350,81.4021,22.2,-3.71,8168.8701,-2.43,8161.5244,346.3502,72.0517,-9.7,103.0402,16.23,111.4939,-9.2957
351,106.6795,12.12,-8.6,3892.96,-27.66,3448.0645,1807.2046,76.548,-7.86,136.2533,10.65,166.3604,-49.2454
352,109.0954,13.03,-6.04,3723.26,-23.66,3410.2937,1494.1755,78.7402,-6.94,148.2502,12.9,170.8661,-40.0262
353,93.2355,16.4,-0.71,1829.55,-7.18,1815.2035,228.6698,77.9125,-7.12,119.871,10.79,151.6951,-5.5665
354,104.8228,9.13,-9.56,3278.6799,-24.39,2986.0767,1353.916,78.3822,-7.04,116.273,6.24,170.2647,-47.1785
355,99.9687,7.49,-13.9,7125.6401,5.89,7088.022,-731.2255,76.8835,-6.57,114.5451,6.64,146.4895,-30.4571
356,88.0234,14.53,-5.1,1913.8101,-40.53,1454.6217,1243.682,78.3151,-8.89,92.465,6.86,136.2861,-27.4278
357,99.6108,7.28,-11.29,2704.0601,-31.86,2296.6675,1427.3259,77.4875,-5.88,84.1973,3.13,149.6938,-44.346
358,79.6573,19.5,-1.43,2116.3301,-18.68,2004.8463,677.8231,77.3309,-4.74,95.7349,10.1,118.4164,-10.0503
359,109.9007,16.64,0.01,4443.8301,-4.57,4429.7021,354.071,80.8205,-5.53,165.584,21.25,181.7148,-5.5118
360,110.0349,5.41,-2.72,2525.6001,1.7,2524.4885,-74.9251,80.6416,-4.64,99.6391,2.94,174.5735,-7.2725
361,65.2514,12.94,25.38,3808.28,32.57,3209.3687,-2050.1099,56.5497,1.88,49.3329,3.08,82.5897,42.1588
362,110.3704,17.0,-2.29,4334.7598,-6.35,4308.1655,479.4316,77.398,-4.32,167.3884,21.86,183.5958,-15.4746
363,105.136,17.06,-5.45,4128.7998,-8.93,4078.7537,640.9039,80.0152,-4.45,154.6369,19.0,171.7957,-26.3998
364,104.1965,15.15,-7.89,4193.98,-15.28,4045.7207,1105.2661,81.8719,-5.54,146.3145,15.41,164.8403,-38.0031
365,108.3348,13.47,-5.71,4542.7598,-21.09,4238.4692,1634.6394,79.277,-5.73,149.5297,14.41,168.6024,-38.5608
366,85.876,17.82,-2.6,2054.0901,-33.18,1719.1819,1124.144,76.973,-5.61,102.231,9.77,129.9541,-19.4335
367,104.3083,4.26,-8.3,2216.53,-20.46,2076.7036,774.7955,80.5073,-6.07,67.0166,1.33,154.8775,-29.9431
368,95.9422,17.14,-3.98,2356.51,-27.66,2087.2031,1093.948,80.5521,-5.23,126.3342,12.4,151.1811,-26.7826
369,100.1476,17.92,3.47,2436.97,-17.72,2321.3486,741.7298,79.9257,-4.28,143.0118,15.57,166.273,-2.6356
370,108.9612,14.37,-3.56,3441.9299,-26.58,3078.1541,1540.0808,80.5073,-5.28,151.2686,14.27,173.7751,-35.1815
371,115.0233,13.05,-5.57,4031.1499,-34.68,3314.9866,2293.6941,79.7468,-5.27,155.5884,13.82,177.5044,-51.5529
372,115.6496,13.98,-1.97,4975.0898,-26.34,4458.5605,2207.4321,82.4982,-6.72,165.7262,17.97,182.6334,-38.5171
373,107.4177,16.65,4.04,4962.4302,-1.15,4961.4307,99.5957,80.6639,-5.86,158.7708,20.66,173.5236,11.5157
374,102.1385,19.59,1.66,3825.8,2.22,3822.9287,-148.1985,82.6548,-3.04,152.8434,21.23,169.4226,7.4038
375,109.9007,17.01,0.88,5106.2798,-0.43,5106.1362,38.3218,79.9928,-4.95,164.8185,22.68,179.0354,2.3403
376,114.1285,22.07,-4.37,3750.9199,-3.96,3741.9648,259.0386,91.6696,-2.4,184.6894,32.11,201.367,-21.9707
377,112.6074,16.54,3.46,1138.29,-56.07,635.3703,944.4622,88.605,-0.63,145.6037,12.48,191.437,-11.4829
378,130.7266,10.89,-0.66,1729.65,-15.63,1665.6904,466.0094,91.5802,-2.78,184.5691,12.02,244.7944,-17.8259
379,125.3355,18.86,2.02,3271.25,7.19,3245.5266,-409.4299,93.9961,0.79,211.4939,31.75,231.1898,20.0569
380,122.9644,15.93,3.79,1088.55,-48.38,723.001,813.7633,87.1287,6.1,170.8661,14.44,218.5258,-9.5582
381,130.0778,8.43,-5.24,15368.3604,-0.61,15367.4893,163.6163,94.8908,-2.64,169.7616,24.98,174.4969,-18.5258
382,128.1988,4.6,-17.45,2723.5,6.06,2708.2808,-287.5195,,,140.1028,4.29,217.5416,-59.241
383,113.614,11.57,1.5,3422.6299,15.41,3299.583,-909.4761,97.0159,1.36,157.5131,12.51,185.5424,20.5927
384,90.0143,18.45,3.25,1972.8199,-20.07,1853.0187,677.0085,72.6781,-1.59,117.3228,12.04,142.3119,-1.5967
385,89.1866,21.1,5.01,2513.0,25.29,2272.147,-1073.5536,73.9084,-5.54,121.0411,14.98,141.5354,27.1325
386,87.3747,19.74,8.72,2342.46,13.58,2276.9719,-550.0162,73.886,-2.75,115.7152,13.09,137.6203,28.4668
387,86.6813,20.34,8.19,2429.49,13.82,2359.1587,-580.3382,64.6027,4.27,115.4528,13.57,136.5376,27.2966
388,89.3209,20.0,7.06,2284.23,12.09,2233.5652,-478.4272,65.9001,1.26,121.4458,14.07,143.4493,24.8141
389,97.5752,20.08,4.69,4848.8301,20.63,4537.8999,-1708.3964,75.4966,-7.44,137.8062,19.5,151.706,32.0101
390,99.745,19.8,1.82,3644.8,9.09,3599.0266,-575.8264,75.34,-5.25,147.0582,19.95,164.2498,13.9436
391,92.5868,14.3,8.54,5020.0801,32.64,4227.2891,-2707.6243,80.8652,-4.45,108.9567,9.58,130.1072,40.4418
392,110.4375,15.78,-4.28,4425.73,-7.98,4382.8735,614.4127,77.8006,-6.06,164.8075,19.89,181.5945,-23.6986
393,91.267,20.02,3.42,2480.5,4.79,2471.8367,-207.1315,68.7187,-3.46,127.2966,15.24,148.5346,12.1391
394,92.8552,18.38,0.39,2526.6201,5.52,2514.9033,-243.0437,70.3293,-5.92,127.3731,13.93,149.6719,4.5713
395,86.6813,21.2,2.97,2354.53,22.84,2169.917,-913.9322,68.8976,-5.58,115.8246,14.16,136.6907,19.2038
396,93.2579,9.75,-0.37,3814.0601,22.64,3520.155,-1468.1832,74.4005,-8.45,96.0302,5.33,143.2743,13.1343
397,102.6083,18.14,3.39,4184.8198,4.84,4169.8975,-353.0879,76.1677,-5.83,150.8311,19.64,167.0713,15.2887
398,89.4775,19.18,6.12,7608.8198,22.88,7010.167,-2958.3269,76.9506,-7.73,114.9825,15.65,125.7327,31.9554
399,97.1501,16.8,2.13,5299.1099,13.8,5146.1475,-1264.015,74.1768,-7.25,132.8412,15.85,147.5394,18.1321
400,101.9372,18.42,-1.97,4290.8999,3.57,4282.5732,-267.1855,74.0873,-5.37,149.6172,19.9,165.4527,-2.2857
401,94.8685,19.86,3.11,6462.2002,19.37,6096.4165,-2143.3,74.8926,-5.93,129.4838,18.93,140.4637,25.7655
402,96.3001,19.89,6.31,6254.6602,18.16,5943.1147,-1949.4,75.4519,-5.03,133.0271,19.59,144.3241,33.9348
403,98.0449,19.97,-1.72,2625.27,13.63,2551.3364,-618.6475,77.5993,-6.66,143.7445,17.99,164.4248,5.4571
404,82.3193,3.58,0.27,2897.95,13.85,2813.6943,-693.7137,73.1702,-5.87,36.3845,0.54,102.8325,3.1715
405,86.6142,18.8,2.92,1897.15,10.84,1863.2977,-356.7914,71.1793,-3.87,111.0564,11.47,135.8158,11.8876
406,90.9762,18.72,0.04,3777.1299,13.49,3672.9214,-881.1123,75.3176,-6.6,122.8237,14.62,140.2231,9.6566
407,123.9486,11.27,-3.88,3216.8501,-1.57,3215.6426,88.136,88.7616,3.16,186.7782,15.77,211.3736,-16.6229
408,119.5642,16.47,0.91,1434.39,-8.73,1417.772,217.7094,86.8379,2.17,186.7345,17.98,218.5586,-3.0949
409,120.2353,14.27,5.52,573.44,-54.22,335.2758,465.2135,85.876,5.13,144.0507,10.02,223.0424,9.1207
410,116.522,18.3,4.12,3859.04,21.13,3599.5774,-1391.127,85.6747,2.52,182.2725,25.27,199.3657,42.7275
411,127.1475,14.63,4.39,3159.1899,10.73,3103.9529,-588.1813,92.117,-0.19,206.5398,23.24,228.1605,33.6286
412,94.3092,28.2,-4.27,5826.5698,-15.21,5622.4692,1528.6448,86.0102,2.32,126.4326,29.71,134.6129,-26.5529
413,89.3656,32.26,-5.24,5925.79,-35.14,4845.8037,3410.7439,73.1926,12.23,113.7248,28.9,121.0521,-41.4261
414,70.3293,40.84,-3.19,4534.9102,-18.36,4304.0659,1428.4355,64.0882,11.66,80.5993,24.99,87.2266,-13.9545
415,97.7094,5.32,-2.53,2258.95,42.2,1673.4406,-1517.3832,84.847,-1.67,61.0346,1.52,134.4926,7.9615
416,102.049,13.85,6.11,764.89,-1.99,764.4287,26.5609,84.5786,-3.76,116.5245,8.07,178.6855,18.4493
417,87.8892,13.49,-3.15,5918.7598,4.27,5902.3311,-440.6906,80.731,-2.12,104.6697,10.05,119.8163,-3.6527
418,101.8477,11.14,-0.92,3403.48,1.75,3401.8926,-103.9372,90.6407,-2.93,128.6527,9.83,155.5118,-1.028
419,124.3065,5.52,0.9,4561.0898,7.75,4519.4282,-615.0671,90.2827,-3.02,162.4563,9.78,192.0385,14.0092
420,117.551,4.02,-1.53,1290.98,3.85,1288.0665,-86.6824,92.2513,-2.58,76.6842,1.43,189.5669,-3.598
421,129.8542,6.82,2.5,2767.5801,-22.03,2565.5125,1038.0972,92.4749,-4.81,165.4856,8.52,218.9195,-17.8259
422,116.0299,6.04,1.27,3761.23,-80.49,621.4297,3709.5386,88.3142,-3.11,63.4952,1.78,152.9965,-27.2419
423,119.1169,6.04,-6.17,2709.29,-22.68,2499.7881,1044.6589,90.9986,-3.1,129.3526,5.1,192.4431,-41.9729
424,133.6793,5.8,-4.35,2695.6001,-55.16,1539.9606,2212.4153,93.0118,-0.23,116.5901,3.76,204.112,-57.7537
425,129.7647,11.54,4.04,5030.4199,9.38,4963.1587,-819.8657,93.146,-2.67,192.4103,24.26,206.5945,32.3928
426,116.7457,17.02,11.05,6668.8999,28.67,5851.2759,-3199.499,92.1394,-1.82,158.4755,25.0,164.7528,72.8128
427,117.9984,2.98,-0.99,3337.96,35.71,2710.3623,-1948.3102,90.9091,-3.8,87.9484,1.54,169.6741,21.4348
428,113.3679,14.97,1.31,4058.29,1.53,4056.8433,-108.3578,95.8975,-3.18,166.7104,21.06,182.5131,6.4195
429,127.0804,10.9,-1.85,2311.49,-11.86,2262.146,475.0597,93.9961,-1.44,185.8815,14.56,217.0604,-21.227
430,125.1566,10.41,-1.97,2192.6101,-34.85,1799.3674,1252.923,93.7276,-2.58,161.1439,10.54,210.3784,-41.5136
431,111.1757,3.97,-5.08,863.48,71.63,272.1277,-819.478,92.6315,-1.94,43.657,0.7,168.1212,-6.7804
432,128.6462,13.7,4.67,3490.79,3.28,3485.0715,-199.7274,92.5197,-1.12,201.7498,25.16,219.346,24.2782
433,124.6868,10.92,0.89,4876.3999,13.66,4738.4673,-1151.6096,92.2065,-2.46,179.8994,19.85,195.2865,24.836
434,124.575,11.72,-0.01,1895.6,-0.03,1895.5997,0.9925,90.7972,-1.28,181.3976,14.04,217.5962,-0.0656
435,115.2917,5.9,-6.18,2471.8701,21.05,2306.9158,-887.8524,94.2869,-1.14,116.8526,4.19,183.7489,-3.1277
436,121.667,12.19,-0.11,2005.6801,-2.71,2003.437,94.8301,91.9157,-0.22,177.395,14.41,209.5144,-3.1934
437,96.8817,17.87,-5.89,3438.3501,-22.97,3165.7209,1341.813,74.5347,-4.46,128.1387,16.28,140.4637,-35.1159
438,95.1816,17.9,0.37,2938.3,-23.34,2697.8591,1164.115,73.1254,-1.81,126.9248,15.19,143.7008,-14.4029
439,92.8552,21.3,5.56,4333.21,13.89,4206.5,-1040.2244,79.2323,-4.92,124.7703,20.21,132.0866,25.5796
440,86.905,20.63,6.54,3058.97,-7.78,3030.8125,414.0919,73.7294,5.26,114.3263,15.88,125.2953,11.3955
441,103.0333,20.32,-0.16,5240.02,0.25,5239.9702,-22.8638,79.2099,-4.06,141.1308,25.93,146.1505,-0.2406
442,106.6347,17.57,1.08,4899.98,-6.16,4871.688,525.7937,80.0152,-5.32,147.9331,23.6,168.2196,-6.5179
443,106.4782,18.7,-0.07,4421.1699,-5.35,4401.9102,412.2276,80.4402,-4.34,150.1859,24.73,166.4261,-8.1146
444,103.7044,23.14,7.45,4628.9399,10.48,4551.7222,-841.9685,81.1784,-3.13,145.0241,29.24,150.164,33.5739
445,108.0888,21.68,4.18,4778.0698,6.4,4748.2925,-532.6063,83.4601,-2.61,152.6247,30.41,158.3333,21.4786
446,106.165,8.6,-0.68,3045.9099,18.26,2892.5315,-954.3735,81.2679,-2.92,125.2734,7.44,151.4873,14.4794
447,118.7366,14.8,-4.56,4731.4199,-1.25,4730.2939,103.2154,89.1643,-2.72,170.6584,25.73,178.5433,-17.9681
448,118.1102,16.94,-3.74,3530.5601,-29.06,3086.1033,1714.8822,89.2985,-0.44,171.9598,23.75,171.9598,-46.0739
449,117.8865,19.12,10.63,4792.7798,8.83,4735.9766,-735.7072,91.6025,-2.7,165.4965,32.09,176.0717,46.6426
450,123.9486,15.88,5.03,4675.0298,-1.89,4672.4863,154.1859,93.1684,-2.91,181.2008,30.68,188.878,15.1903
451,104.6886,17.65,-1.04,2458.46,-33.25,2055.9761,1347.9569,85.0483,-3.45,143.4711,16.82,159.6238,-29.9978
452,122.3828,14.99,-1.99,4451.8501,-10.71,4374.3003,827.3234,90.1262,-2.31,179.4182,27.11,179.4182,-22.78
453,111.3771,16.39,5.81,2529.2,-26.66,2260.3076,1134.8397,88.2695,-2.13,160.1925,18.67,179.4291,-9.9738
454,124.1276,16.16,3.13,4526.2998,-3.54,4517.6636,279.478,94.5329,-2.1,182.2835,31.01,192.3556,5.3587
455,114.1061,13.14,1.8,1663.41,-37.76,1315.0632,1018.5978,82.8785,4.62,146.3145,11.21,173.797,-20.4396
456,117.6852,9.81,0.57,1882.6801,-35.04,1541.4469,1080.9374,90.7078,-5.23,139.7419,8.07,170.4943,-21.4458
457,108.648,13.32,5.32,844.74,-11.19,828.6807,163.9329,83.7509,0.13,132.0538,9.06,160.7393,12.5656
458,125.425,5.42,-7.8,2747.0901,-14.06,2664.7925,667.3721,91.6473,-3.34,156.846,6.8,156.846,-32.3819
459,134.0372,4.45,-6.93,2903.25,-19.17,2742.2603,953.3463,94.6895,-4.54,169.6304,7.0,169.6304,-37.8062
460,123.4565,10.45,-2.19,3004.6299,-4.27,2996.2898,223.7145,91.0433,-3.24,179.2323,16.32,190.4856,-13.2327
461,121.3091,7.69,-5.16,3177.6299,-6.18,3159.1633,342.0792,89.7235,-1.82,163.2218,11.06,176.4764,-23.3924
462,117.7076,15.26,-2.31,2172.5701,-22.49,2007.3381,831.0562,87.3076,-1.19,176.2795,18.66,176.2795,-27.5919
463,118.4905,15.23,-1.72,2214.9299,-41.7,1653.7512,1473.4386,89.6564,0.12,165.4746,16.23,165.4746,-36.2095
464,121.2867,13.13,-1.22,2444.8701,-48.17,1630.5397,1821.7384,89.9919,-2.6,157.3819,13.02,157.3819,-36.1002
465,96.5014,15.69,11.1,1328.84,-51.06,835.1842,1033.5778,86.2786,-0.65,108.5521,8.99,138.0031,8.7708
466,125.5145,10.67,-1.19,3681.22,-43.15,2685.6919,2517.6257,84.7351,-2.47,160.4221,12.96,160.4221,-42.9899
467,116.9694,13.32,2.99,2482.6599,-29.79,2154.5818,1233.4413,86.8826,-2.18,162.4672,15.16,175.5249,-18.9742
468,107.0374,15.46,10.41,2491.74,-29.35,2171.905,1221.3096,74.915,9.66,146.4348,15.27,159.6566,5.6212
469,104.711,16.96,8.13,1388.55,-25.71,1251.0854,602.3757,84.7799,1.14,144.7288,14.29,162.6531,9.2192
470,105.4715,14.38,4.59,1827.85,-28.96,1599.2919,885.0429,72.7228,8.18,137.4235,11.88,179.626,-10.2581
471,115.1127,13.28,1.56,2781.8999,-20.03,2613.6321,952.8345,87.7997,-3.1,163.2874,16.32,178.6636,-17.1588
472,92.4749,26.13,-4.62,5463.7598,-3.31,5454.6445,315.468,71.8057,-0.18,121.3911,26.91,129.9213,-11.2314
473,88.605,25.07,-4.22,4372.8999,5.24,4354.625,-399.3674,75.1163,-0.81,118.0446,22.79,127.6465,-8.902
474,90.7078,24.37,2.13,6497.3301,25.69,5855.0864,-2816.6042,80.0599,-3.64,113.9436,22.65,118.2852,27.2528
475,73.9307,25.18,13.72,5691.54,45.04,4021.7158,-4027.335,68.5174,6.96,80.4899,12.99,85.7612,39.72
476,96.8817,24.38,-6.96,6586.1899,1.89,6582.6069,-217.2174,77.9349,-5.0,125.6124,28.18,132.9287,-11.822
477,91.0657,17.28,14.8,5287.7598,11.46,5182.3413,-1050.592,82.185,-4.63,113.9982,15.24,129.5932,44.9366
478,89.7683,24.09,-5.35,4278.77,-9.77,4216.7144,726.0795,78.1809,-2.32,119.4444,22.03,124.9563,-19.7288
479,100.1476,25.11,-11.48,4674.8398,-17.15,4466.978,1378.49,85.3839,-0.8,137.675,28.89,137.675,-47.5612
480,90.5959,14.72,17.13,3878.6799,2.31,3875.5278,-156.3348,84.0193,-5.42,112.7625,11.56,123.3158,39.0529
481,103.5925,14.71,1.5,1559.52,11.16,1530.0304,-301.8443,90.238,-5.79,138.8451,11.98,153.5871,10.9908
482,107.5072,16.47,-4.33,1496.62,-23.84,1368.925,604.9098,85.8312,-3.77,151.3998,14.76,167.8696,-28.2043
483,103.0109,15.29,6.93,1462.35,0.82,1462.2002,-20.928,70.128,9.29,140.6277,12.45,159.8644,20.374
484,119.9222,11.16,-4.36,3941.8101,-2.24,3938.7981,154.0673,86.5247,-5.97,171.5114,18.5,179.7025,-17.6072
485,107.3729,15.15,0.44,788.15,-38.68,615.2682,492.5703,86.9273,-5.29,131.1789,10.13,170.0569,-13.9654
486,125.5369,11.88,0.89,3725.01,-6.76,3699.1135,438.4736,87.1958,-4.22,186.5595,21.83,186.5595,-6.4961
487,118.1102,3.36,-2.35,1845.48,29.46,1606.8582,-907.6362,87.0616,-3.26,79.1557,1.39,149.5625,5.6102
488,80.5521,18.4,3.14,7362.1001,-3.1,7351.3267,398.1336,67.6673,-1.81,95.2537,12.89,104.5166,4.2651
489,85.9431,26.51,-1.12,4123.3501,1.78,4121.3604,-128.0789,75.4295,-3.49,115.2887,22.46,126.5967,-1.2248
490,87.1734,24.57,-0.15,6704.8901,-2.75,6697.1685,321.6881,76.4137,-1.93,111.472,22.21,118.0446,-2.7778
491,93.8618,24.95,1.93,7092.3398,5.23,7062.813,-646.4952,80.1942,-4.72,121.9926,26.76,128.7292,10.2472
492,106.4782,2.9,4.9,2668.04,25.44,2409.3352,-1146.0983,80.1271,-2.49,75.2625,0.98,83.0053,13.0468
493,93.7053,15.28,3.65,6375.5898,14.97,6159.21,-1646.8993,78.6507,-3.7,118.0556,14.29,128.1277,21.5879
494,95.0251,21.03,2.65,7464.48,0.57,7464.1108,-74.2582,81.1337,-1.94,123.7314,23.01,131.2992,7.2835
495,103.9728,14.59,-2.37,4760.0498,1.05,4759.2505,-87.2276,79.5678,-5.42,142.4869,17.36,154.8556,-6.1133
496,110.4823,15.24,-9.12,4798.9102,-22.41,4436.4941,1829.4967,82.0956,-3.53,152.2528,19.46,158.9348,-52.1763
497,91.3341,16.6,-1.5,4359.7798,-9.43,4300.8638,714.3173,80.1494,-3.07,118.0227,13.9,126.8263,-10.5096
498,83.7509,15.58,6.17,1798.21,-8.53,1778.3187,266.7235,83.4154,-3.63,95.1662,8.08,123.1737,10.1269
499,107.3729,11.83,-7.86,4490.2598,-20.39,4208.9126,1564.4443,79.702,-5.8,139.6544,13.17,152.4606,-42.29
500,108.2677,16.35,-0.18,5675.7998,3.61,5664.5376,-357.375,79.4783,-5.43,150.5359,22.99,161.0346,4.4401
501,117.0141,13.3,-4.37,2987.6001,-16.59,2863.2334,853.0228,,,169.9366,17.26,183.8583,-33.5958
502,116.4325,16.84,6.64,4983.3101,14.24,4830.1924,-1225.8151,84.8023,-3.65,166.5792,26.6,178.2262,43.2305
503,102.1161,16.97,4.7,5133.1201,13.83,4984.3071,-1227.0308,81.9166,-3.64,139.2388,19.52,149.1032,28.0949
504,111.556,14.34,-0.91,3326.1001,-1.46,3325.0203,84.7459,82.185,-3.17,161.5704,18.32,183.1037,-4.5057
505,122.8302,8.3,7.06,3917.22,1.16,3916.4172,-79.3019,89.3432,-0.82,168.9414,13.78,180.3478,24.7922
506,95.6514,14.8,7.88,7624.5601,17.96,7253.0308,-2351.0557,91.2223,-2.37,118.3946,14.77,128.6745,35.5315
507,89.0748,12.4,-7.6,4996.79,4.12,4983.8774,-358.9974,85.2273,-3.92,104.6807,9.1,117.2244,-13.2546
508,121.5551,11.31,3.52,5142.0498,0.05,5142.0479,-4.4873,89.1195,-2.14,172.1019,20.96,177.8762,11.0236
509,100.7292,13.0,6.3,1305.5,-56.03,729.4596,1082.6906,89.6564,-1.87,101.6732,6.68,162.9593,-4.0573
510,97.3738,13.21,20.16,1620.74,-15.59,1561.1122,435.5767,90.2604,-1.29,114.8731,8.49,146.0849,43.143
511,122.7407,9.74,-1.38,2609.4299,-42.64,1919.5603,1767.601,93.146,-4.11,145.2537,9.04,185.1269,-41.9619
512,111.9139,11.15,2.0,1535.9399,-57.3,829.7768,1292.5099,91.692,-4.59,113.353,6.46,161.8001,-18.7117
513,123.121,8.22,-0.4,5359.4902,2.7,5353.5405,-252.4666,88.4261,-6.28,169.2695,16.4,187.9156,2.6247
514,104.8005,10.69,-2.23,4190.46,3.35,4183.2993,-244.8705,93.3921,-4.34,136.2861,11.5,153.6636,-2.9418
515,131.4424,7.16,4.1,4369.9902,7.84,4329.1436,-596.0981,93.4816,-2.82,183.7708,15.72,196.0958,26.3342
516,130.3239,7.34,2.84,4713.6299,-0.05,4713.6284,4.1134,93.1908,-1.58,182.7428,16.71,201.3233,7.5897
517,116.6562,9.25,3.34,2562.3201,-51.07,1610.0864,1993.2653,94.2198,-3.44,121.3583,6.38,159.9847,-22.6925
518,123.9934,4.82,7.25,3445.6899,-4.22,3436.3481,253.5556,96.0764,-4.54,153.259,7.03,175.4265,17.9571
519,109.2072,14.33,5.62,849.24,-24.45,773.0826,351.4996,98.537,-3.86,135.444,10.01,171.7301,7.9724
520,120.034,10.41,4.32,3988.6799,-15.14,3850.2351,1041.7574,94.1303,-3.2,167.5197,15.86,192.4322,-7.1413
521,102.2727,9.23,-2.73,3926.3201,5.75,3906.5649,-393.3704,78.3151,-6.27,120.713,7.15,162.3032,-3.0184
522,88.0682,13.52,0.05,4993.6699,18.09,4746.8325,-1550.5872,71.3135,-6.07,102.4825,8.53,125.2515,11.308
523,86.8602,27.41,-0.77,7744.1401,1.42,7741.7622,-191.9086,78.0914,-3.7,115.5731,24.65,122.1785,-0.6234
524,87.9787,27.15,-1.06,5808.3599,-3.81,5795.5225,385.9542,73.5728,-5.42,121.3801,24.45,131.2008,-5.818
525,80.731,29.32,5.09,6339.0801,4.62,6318.4834,-510.593,71.4254,-2.07,105.818,22.41,113.9873,14.0639
526,80.0376,28.68,8.82,8812.7695,9.3,8696.9326,-1424.1771,75.4966,-4.0,100.6343,21.62,106.0805,23.9064
527,90.7078,27.92,6.91,7807.3198,16.88,7470.9414,-2266.9968,79.3441,-4.66,121.7629,26.89,128.2371,32.0647
528,97.7541,22.01,-0.13,7020.9102,4.49,6999.3633,-549.6326,80.8429,-4.7,137.9265,24.52,147.4081,4.4948
529,91.1999,21.76,6.5,8906.9697,17.2,8508.6348,-2633.8625,79.7915,-6.04,120.199,20.26,128.3355,30.9711
530,98.1344,24.33,6.77,8486.1504,16.37,8142.1362,-2391.7292,85.1378,-6.93,134.6785,27.43,141.3167,35.9143
531,101.0648,24.33,-0.42,5763.6401,3.68,5751.7559,-369.9333,83.2811,-7.25,148.1955,29.17,158.8583,3.0074
532,98.2686,21.88,0.32,6398.4199,-4.14,6381.7241,461.926,79.5007,-3.86,140.2668,24.35,150.9842,-3.5871
533,98.5147,23.59,2.02,7281.3799,1.65,7278.3608,-209.6597,78.2704,-3.9,139.1842,27.26,147.5175,7.535
534,104.9347,23.3,3.82,8864.79,1.45,8861.9512,-224.3197,85.697,-4.58,147.0363,31.66,152.5044,13.2218
535,99.6108,19.16,4.43,5252.0498,19.51,4950.4941,-1754.0342,83.5943,-4.35,140.8246,19.62,154.2432,31.6273
536,94.8908,19.5,4.87,5216.8599,20.06,4900.3735,-1789.4037,82.7666,-3.95,130.5227,17.76,144.0836,30.129
537,92.9447,15.49,16.16,2740.3799,49.09,1794.6002,-2071.0125,87.1287,-0.26,102.7559,8.53,131.682,57.4803
538,130.8384,12.31,0.33,2703.98,0.54,2703.8599,-25.484,91.8262,-2.86,209.0332,19.01,235.6846,2.1216
539,90.8867,15.61,10.33,1084.75,62.19,506.0804,-959.4609,84.3325,-1.53,92.3556,7.0,144.0507,40.234
540,126.7001,14.74,2.13,5169.3198,2.91,5162.6543,-262.4321,91.4012,-3.73,199.9344,27.9,216.0652,13.692
541,93.2355,16.73,8.83,3122.5,12.5,3048.4844,-675.8326,84.3101,-2.06,123.5018,12.51,144.7944,30.9821
542,90.663,17.69,6.34,1917.46,11.01,1882.1669,-366.1971,78.9862,-0.67,117.7493,11.53,143.8101,21.5332
543,105.2926,19.58,3.05,7161.4502,8.68,7079.4272,-1080.7756,79.9257,-4.75,151.5967,25.4,161.5814,20.2209
544,106.3216,19.89,4.32,6480.4199,8.88,6402.7441,-1000.3533,83.7733,-5.45,155.479,26.03,165.7371,24.6719
545,102.5635,21.85,4.32,6973.8599,12.21,6816.1045,-1474.9392,81.7377,-3.85,146.9598,26.68,156.5945,27.3075
546,100.7516,22.64,4.55,5453.8599,2.53,5448.5435,-240.7469,79.7468,-0.81,148.119,26.33,159.3176,16.437
547,126.9685,7.43,2.61,5484.3599,14.7,5304.8442,-1391.6998,93.1237,-3.33,177.3513,13.05,198.3268,30.3696
548,102.9662,14.68,7.91,2154.27,17.81,2051.0288,-658.9081,80.7087,1.94,137.3141,11.59,171.1724,35.8815
549,124.15,7.07,3.8,5057.1602,13.46,4918.2534,-1177.1372,89.6117,-2.17,168.2524,10.91,198.2174,31.7804
550,124.5526,17.2,1.94,5565.1299,13.82,5404.0249,-1329.3562,95.0474,0.66,194.3788,31.15,208.5302,31.6164
551,125.6934,18.0,6.44,6542.1401,15.61,6300.8374,-1760.4106,96.2777,-0.03,192.1807,33.91,203.423,52.8871
552,107.0821,13.95,4.4,2343.8301,10.81,2302.2375,-439.5918,71.4254,4.18,147.8565,12.42,180.1837,22.5066
553,133.5004,12.28,1.79,3095.99,14.43,2998.3203,-771.5114,95.9422,2.18,213.9217,20.56,237.5656,28.9589
554,120.5709,17.49,5.01,1160.46,-12.08,1134.7632,242.8578,89.5893,4.92,190.245,18.84,222.0472,11.8985
555,127.8856,20.09,9.1,2864.3,6.45,2846.1699,-321.7643,96.8817,1.78,222.2988,34.72,242.629,50.9952
556,109.1177,26.07,2.34,5351.6099,-13.44,5205.0498,1243.8585,93.9737,2.4,165.0044,36.7,175.6343,-10.3784
557,93.7276,37.56,1.64,5517.4199,-9.99,5433.7651,957.1415,69.2779,4.6,125.6234,40.68,132.6225,-5.0087
558,125.0447,22.06,13.95,5327.7202,23.55,4883.9839,-2128.6863,98.4028,-0.25,195.035,37.89,201.9576,90.2887
559,137.1018,14.81,1.04,2309.74,4.77,2301.7402,-192.0689,98.5147,0.46,236.0127,25.57,263.0468,11.9969
560,113.9719,24.82,1.94,4843.7798,-11.5,4746.5396,965.6943,89.7235,2.57,177.9418,37.88,189.9387,-9.9191
561,115.2022,24.9,4.02,4988.8799,-14.78,4823.8105,1272.7043,93.5039,1.73,179.2542,38.83,191.0105,-7.6334
562,131.6437,19.84,6.22,3787.48,-8.42,3746.6558,554.5944,100.2595,-0.04,223.8517,39.25,240.4637,12.3578
563,116.6562,24.84,8.23,5410.6001,5.21,5388.2466,-491.317,94.9579,1.09,180.4681,40.5,191.1417,38.6811
564,97.1054,35.38,-5.25,6150.0698,-7.06,6103.4399,755.8969,95.9646,0.54,131.9116,40.96,138.6811,-21.916
565,114.5759,16.43,8.74,3781.5601,24.01,3454.3584,-1538.7019,84.668,-1.56,172.0801,20.35,191.3823,57.3053
566,128.7357,10.68,3.06,3913.4399,-7.34,3881.3713,499.9695,88.8064,-0.41,197.5722,18.01,219.3023,1.2248
567,99.2529,15.04,14.01,2359.53,30.11,2041.1442,-1183.6859,87.7103,-0.83,124.9563,10.54,157.185,54.8884
568,124.0381,9.39,2.8,4506.5498,18.86,4264.5991,-1456.7731,87.5313,-0.24,175.2843,13.67,197.3753,34.1973
569,97.1278,14.98,6.17,1697.85,20.47,1590.64,-593.7668,83.997,0.62,120.4615,9.68,161.647,27.9965
570,124.0605,5.07,-6.42,3618.5701,11.79,3542.2292,-739.3651,86.726,-2.13,146.0302,5.6,208.5411,-9.9409
571,110.0125,14.8,1.6,1674.4,19.46,1578.7488,-557.8241,83.0351,-0.23,152.4388,12.74,191.612,18.4821
572,111.8468,16.34,4.78,3286.3501,30.48,2832.197,-1666.9602,87.33,-1.53,162.664,17.66,184.1317,45.8005
573,112.3613,15.22,3.5,1706.01,16.62,1634.7377,-487.9579,74.1321,4.56,161.8657,14.22,196.6207,24.1579
574,123.7026,13.72,7.78,2957.6101,31.52,2521.2378,-1546.2272,90.7525,-1.02,182.0319,16.77,204.1995,61.472
575,112.5179,10.61,7.95,848.08,19.51,799.386,-283.2344,77.219,3.28,115.7152,5.96,208.224,35.5752
576,100.9306,20.15,2.69,4564.2798,12.7,4452.6128,-1003.4395,78.4941,-0.16,147.9878,21.75,162.3578,21.1067
577,107.0821,21.32,4.67,5846.71,13.47,5685.8789,-1361.9103,84.1312,-1.9,158.9129,27.89,170.7787,32.2069
578,131.5766,16.39,6.96,3471.99,21.94,3220.5334,-1297.2585,95.808,-0.09,216.7104,28.36,232.1085,63.6374
579,89.6564,26.81,-8.43,5113.6299,-1.52,5111.8306,135.6436,70.7543,12.94,126.3889,24.78,136.7126,-22.8346
580,131.9792,13.01,3.42,4876.5498,27.88,4310.5234,-2280.3782,96.5014,-0.34,200.35,22.86,217.6947,58.6833
581,97.3067,18.86,-6.56,5420.1802,32.63,4564.7139,-2922.6252,,,130.818,17.1,144.5429,10.8815
582,135.5807,17.97,8.69,3609.23,22.09,3344.2917,-1357.2961,98.2462,2.02,228.1277,34.3,236.6032,75.1422
583,100.9306,16.8,-5.25,5512.3799,27.56,4886.8726,-2550.4526,,,137.2047,16.52,151.5639,11.4939
584,93.8842,33.7,-9.31,6717.8999,-14.93,6491.1123,1730.7914,90.2604,2.85,126.6514,35.76,133.1256,-38.5499
585,116.3431,13.85,7.51,1939.41,16.7,1857.6106,-557.3099,85.7194,-2.3,167.5087,13.83,204.5385,41.0105
586,121.2867,13.05,-4.36,3952.6399,0.63,3952.4009,-43.4607,85.1825,0.58,186.8876,19.67,206.4742,-15.4309
587,108.2453,17.28,-1.38,2594.6399,0.91,2594.3127,-41.2076,80.3508,2.47,165.2012,18.62,187.85,-3.8167
588,106.7913,14.55,1.73,2052.76,0.48,2052.688,-17.197,82.5206,0.39,149.1907,12.81,182.535,5.9493
589,92.0947,17.03,0.96,5695.6699,37.69,4507.1562,-3482.2695,,,112.8718,12.29,128.8714,27.7559
590,130.3015,10.06,0.39,4075.6399,3.08,4069.7524,-218.9852,89.634,-1.68,199.9453,17.9,221.3036,6.2773
591,119.5419,15.7,1.57,2974.1599,3.34,2969.1079,-173.2775,82.6772,3.53,190.9011,21.71,212.7078,10.2362
592,122.5394,15.86,-1.33,5215.27,14.87,5040.6138,-1338.3778,87.33,0.06,189.8731,26.89,205.8508,19.0617
593,98.4028,15.89,7.33,1863.6899,-4.55,1857.8164,147.8447,66.0344,5.96,131.4195,11.73,163.6046,18.5367
594,119.1616,14.51,2.67,3602.25,0.09,3602.2456,-5.6584,85.2049,0.03,185.9252,20.73,205.993,10.105
595,109.9678,15.45,15.75,2974.6299,33.17,2489.9167,-1627.4943,87.4195,-2.36,150.2078,14.53,167.6619,71.1395
596,115.6272,15.85,6.72,3497.8601,26.32,3135.2429,-1550.8955,85.3839,-2.14,172.6925,19.16,193.5477,52.9309
597,126.4316,13.82,1.23,2976.29,10.65,2925.0217,-550.0453,86.301,-1.0,202.1216,20.79,225.164,19.3351
598,100.8411,14.94,5.5,1719.3101,24.35,1566.3668,-708.8879,69.9043,6.27,128.3793,10.41,168.4821,29.615
599,112.6297,22.7,-0.86,3030.9199,-9.87,2986.0598,519.5399,85.5404,3.71,185.0284,30.84,203.9479,-15.748
600,118.7142,20.57,2.47,4002.25,15.28,3860.7686,-1054.7383,91.4683,0.65,191.5245,31.79,208.2458,32.4475
601,133.3885,14.37,0.06,2760.6599,13.15,2688.2695,-628.0533,92.8329,3.12,222.2878,24.18,245.4615,19.7835
602,133.2543,15.67,3.67,2284.8301,8.56,2259.3784,-340.0856,93.7276,1.0,227.7997,25.47,254.3198,28.8167
603,129.8542,19.15,8.73,4660.5498,27.52,4133.2065,-2153.4453,95.4724,1.08,206.8351,33.93,216.098,80.1947
604,116.8576,23.1,-1.08,3490.4399,1.53,3489.1956,-93.196,93.0118,1.24,193.3399,35.48,209.8753,-2.0232
605,85.6747,28.22,-0.32,4782.3901,-0.3,4782.3247,25.0404,67.6897,-6.83,118.8539,23.84,130.304,-1.0061
606,86.1668,14.77,3.85,5825.2402,13.48,5664.7627,-1357.8979,70.9109,-4.84,102.9309,9.71,120.1334,16.7651
607,85.4957,14.15,2.28,6236.6099,11.0,6122.0259,-1190.0012,69.8819,-3.82,100.4921,9.14,117.629,11.6579
608,105.8742,15.8,6.08,2107.24,7.29,2090.2063,-267.3908,83.8404,-0.26,151.7935,14.32,179.2214,24.7813
609,125.4027,13.54,-2.85,4059.02,4.01,4049.083,-283.8496,85.8089,0.04,198.4033,22.76,216.8416,-5.1072
610,121.7564,9.09,-0.37,3276.4399,-11.98,3205.0793,680.0914,83.214,-0.6,167.2244,10.9,208.2458,-15.409
611,119.8774,13.45,5.53,4175.6899,0.94,4175.1279,-68.5037,86.7484,0.24,184.077,20.17,202.6356,21.6864
612,125.5369,16.81,5.52,1548.62,-13.74,1504.304,367.8226,86.0102,5.45,205.5884,21.12,235.8158,10.6299
613,121.7341,16.66,4.51,988.7,-0.96,988.5612,16.5651,86.2115,4.7,186.2533,16.98,224.5844,17.3338
614,127.1027,16.5,4.13,1271.02,-31.98,1078.1212,673.1616,89.3432,6.74,197.1675,18.51,231.2773,-5.2603
615,133.724,18.46,6.66,1958.88,17.72,1865.9415,-596.2156,98.5818,4.48,235.8377,29.69,261.5158,54.5166
616,130.0331,13.74,-2.65,3095.5,6.99,3072.4924,-376.7103,96.7475,3.6,212.4891,22.86,234.6457,-0.853
617,122.0696,15.48,9.61,613.8,-29.2,535.7996,299.4482,88.0906,6.03,164.9278,12.88,227.6575,29.4291
618,126.5211,19.93,7.64,3542.25,30.5,3052.106,-1797.8276,98.3134,3.01,205.6759,31.42,217.6837,73.7861
619,140.8822,17.8,0.48,2683.95,18.69,2542.415,-860.0655,96.4343,2.29,250.5468,35.25,272.7909,35.7065
620,137.4374,19.57,9.64,5810.9302,34.82,4770.4829,-3318.0417,103.7267,2.47,209.6238,38.01,214.1185,98.4252
621,135.3794,18.63,9.4,2212.24,19.62,2083.7981,-742.8268,97.6199,1.6,238.6374,31.74,252.6356,68.5586
622,131.241,13.29,4.83,2919.79,14.44,2827.5518,-728.0964,90.3722,-1.46,211.6251,21.17,236.3845,41.0761
623,128.8475,13.85,12.93,4927.1299,17.12,4708.8105,-1450.4186,91.6696,-0.93,200.2734,24.92,212.0735,77.3513
624,110.3033,10.34,0.25,1519.63,-52.83,918.133,1210.9117,78.7849,3.57,106.168,5.44,188.703,-22.2988
625,128.7581,8.76,4.8,4748.2798,18.51,4502.6431,-1507.4371,95.2935,-2.11,184.8753,14.58,205.9274,44.0507
626,134.3951,9.56,-4.49,2459.0601,6.09,2445.1821,-260.883,91.0433,-3.05,200.3281,13.55,244.007,-11.6798
627,131.3082,12.25,1.48,2579.3101,-4.0,2573.0271,179.9236,91.5131,-2.22,209.2192,18.57,235.6846,1.0717
628,139.898,12.88,-3.31,1748.7,-22.75,1612.6528,676.2414,106.59,,220.9536,17.95,259.7769,-39.6654
629,106.8808,18.48,1.22,2314.4099,18.57,2193.9109,-737.0539,86.8602,0.86,164.9169,18.81,164.9169,16.4042
630,115.6496,18.63,8.01,6115.9502,31.82,5196.7764,-3224.6492,89.3656,0.87,167.7822,25.43,174.6938,66.2511
631,127.0132,11.75,-4.31,3580.6201,23.4,3286.1309,-1422.0356,92.3855,1.61,190.4418,17.2,209.3066,11.811
632,122.8973,4.36,-8.76,3650.6599,27.23,3246.0825,-1670.4089,93.9737,-2.48,123.633,3.69,164.7856,-6.343
633,91.7815,13.8,-3.41,4462.3999,-58.14,2355.458,3790.0964,78.0467,-2.89,90.3325,6.76,111.7454,-29.4401
634,78.1586,14.57,-3.15,2322.8799,-42.84,1703.264,1579.4501,77.1072,-3.66,74.1907,5.36,96.3911,-18.7008
635,84.6233,15.7,-4.49,2246.04,2.99,2242.9824,-117.1572,79.0533,-4.41,98.3158,8.37,127.3513,-8.8145
636,95.7409,4.67,-4.03,3819.0,16.74,3657.157,-1099.9833,90.4393,-9.58,72.9659,1.73,103.9808,-1.1592
637,104.4202,13.64,-3.8,3586.05,-3.25,3580.2825,203.3032,79.8363,-5.29,144.871,13.22,161.0127,-13.5061
638,105.2479,12.65,-3.17,4815.0601,1.2,4814.0039,-100.839,81.2455,-5.08,145.0459,13.51,158.5849,-7.8412
639,114.218,13.68,-4.64,4738.04,-29.62,4118.8848,2341.7542,81.8271,-4.98,160.105,16.08,173.458,-45.8333
640,106.2545,18.7,4.15,4582.8198,12.7,4470.6992,-1007.5155,80.3508,-3.09,158.3771,22.36,164.1732,25.8421
641,98.9621,21.33,8.75,6287.79,29.49,5473.1543,-3095.3005,81.6705,-3.01,136.6689,21.41,142.0166,49.4204
642,94.8014,15.9,-2.44,3153.6699,6.23,3135.0452,-342.2358,78.1362,-2.6,127.0888,12.35,154.9978,-2.4059
643,112.9653,12.85,-3.14,4247.1201,-6.5,4219.8193,480.7876,80.1494,-4.03,164.5779,16.07,174.7157,-17.0932
644,107.1269,17.46,1.36,4320.5601,7.78,4280.79,-584.873,83.5943,-4.43,160.3237,20.91,167.4213,11.822
645,107.8203,16.08,0.51,4861.9199,15.85,4677.0698,-1327.8867,83.4377,-7.05,156.8023,19.15,163.7467,17.804
646,117.3273,15.18,-0.29,5294.77,7.26,5252.3213,-669.1113,83.818,-6.43,177.4169,23.55,186.7017,8.388
647,115.6049,12.31,-2.18,5809.8999,-0.1,5809.8911,10.1402,84.8694,-6.73,168.1649,18.42,173.3924,-7.4256
648,109.923,13.13,-6.97,3749.02,-24.77,3404.0989,1570.7521,79.456,-4.67,150.2625,13.24,170.5709,-44.0289
649,110.4375,16.54,2.37,4361.6099,7.3,4326.2563,-554.2063,81.9613,-4.96,166.1855,21.15,171.5004,14.6763
650,103.3241,13.65,-0.05,4968.0601,14.73,4804.7837,-1263.2006,80.8429,-6.43,140.8246,13.85,155.479,13.5499
651,115.0233,16.48,0.55,5918.9302,8.31,5856.7847,-855.4565,84.422,-4.93,172.8237,25.17,177.2638,12.675
652,96.2554,18.13,3.07,3740.1899,13.81,3632.071,-892.7944,82.1403,-2.44,135.0394,15.98,150.3937,19.2476
653,94.1303,5.35,4.67,4718.5898,38.53,3691.2688,-2939.3242,82.968,-7.02,72.1347,1.77,72.1347,12.8609
654,103.3465,15.55,4.38,4829.02,13.95,4686.5952,-1164.1562,82.0508,-4.65,145.5053,16.42,155.0525,25.2187
655,106.9256,19.58,-8.86,4083.5901,1.21,4082.6794,-86.2328,81.0442,-2.43,164.3701,24.1,172.8237,-26.5092
656,105.0689,19.84,-1.12,4156.6499,9.29,4102.1309,-671.0146,81.1784,-1.75,159.077,23.36,168.4821,6.6054
657,85.6299,3.98,9.37,5819.3501,0.66,5818.9639,-67.0326,79.9257,-3.66,63.5389,1.15,63.5389,10.4878
658,101.8477,16.02,0.56,4376.73,12.84,4267.2871,-972.6373,82.8114,-4.99,143.7445,16.16,156.0805,13.1671
659,96.6133,18.02,3.84,4026.3899,25.43,3636.2751,-1728.9642,79.456,-2.69,132.2835,15.42,146.7301,29.6807
660,107.5295,18.26,-6.71,5037.4502,9.3,4971.2368,-814.0711,81.0666,-2.32,160.7612,23.2,167.0166,-10.5862
661,94.1079,6.64,2.66,4368.7798,48.16,2914.2068,-3254.7866,83.3482,-3.0,72.7581,2.21,72.7581,11.5814
662,94.1526,16.98,-6.98,3215.2,-12.79,3135.4246,711.7755,80.7534,-0.83,126.5748,13.24,143.318,-25.1094
663,100.2371,12.2,0.98,5420.1299,23.98,4952.3042,-2202.8367,83.3035,-4.77,125.9842,10.45,153.9698,24.4751
664,102.228,15.31,-4.49,3227.3701,1.48,3226.2935,-83.3565,83.4154,-5.7,144.3023,14.34,159.8535,-11.3955
665,73.8636,6.55,-1.98,5389.7598,24.02,4923.0254,-2193.9314,72.5886,-9.55,40.0044,1.45,66.5464,0.8858
666,88.2919,14.59,11.74,3829.02,14.92,3699.9294,-985.858,77.2414,-6.58,105.993,9.14,130.5884,35.4878
667,80.4626,5.36,12.11,6084.6802,-10.97,5973.4946,1157.8842,76.9953,-8.83,54.1229,1.54,67.3228,11.822
668,101.1543,12.88,-4.49,3297.1899,13.39,3207.5601,-763.5571,75.8992,-6.97,131.7695,10.61,167.9681,-0.2625
669,111.7573,13.11,-5.16,3532.48,0.33,3532.4214,-20.3455,77.9125,-5.32,165.2559,15.12,165.2559,-15.0919
670,108.7822,13.1,2.09,5168.2998,32.5,4358.8999,-2776.9253,82.6548,-1.93,144.2585,13.33,159.1973,34.5801
671,110.6836,4.52,-6.43,1884.25,12.79,1837.498,-417.132,82.364,-2.72,78.8823,1.77,132.5897,-10.1487
672,110.6389,15.97,-0.42,1989.9,-8.72,1966.8989,301.6805,87.6655,-1.75,168.1649,16.0,168.1649,-6.7367
673,114.6654,7.8,-5.52,2816.97,27.46,2499.5903,-1298.9872,86.301,-4.68,126.6842,5.89,170.7349,2.3403
674,113.0548,12.77,-3.03,4459.6001,27.63,3951.0312,-2068.1838,87.0616,-0.64,159.0661,14.49,159.0661,15.5293
675,121.1525,14.09,-0.72,3328.8701,21.62,3094.6772,-1226.5192,89.7906,-1.69,187.5984,18.99,187.5984,19.685
676,119.8774,5.52,-5.93,3215.49,28.16,2834.8826,-1517.5034,91.088,0.11,121.3801,4.23,164.1186,1.4873
677,111.8916,16.86,4.76,1573.83,2.9,1571.8145,-79.6247,91.2446,0.27,172.9549,16.73,172.9549,16.2948
678,115.6496,19.92,2.2,4730.0498,28.25,4166.6572,-2238.8254,93.2131,-0.29,176.9904,27.76,182.8084,42.4322
679,124.1276,18.02,-2.96,3973.8101,21.3,3702.364,-1443.4913,97.7989,-0.84,199.7813,29.47,208.0052,19.7944
680,134.3504,9.42,-3.34,2088.1699,-4.51,2081.7041,164.1992,97.1278,-0.62,195.1334,12.01,220.0569,-18.2415
681,78.8744,14.65,-2.4,3549.9099,-8.63,3509.7178,532.6747,70.5082,-2.75,85.619,7.39,107.196,-8.7927
682,81.2679,7.37,-4.33,2265.1299,-3.81,2260.1235,150.5135,66.1909,-3.15,59.0879,2.13,108.738,-9.4051
683,81.6034,20.54,-4.86,6455.23,-5.92,6420.8032,665.7908,67.1752,-3.79,99.825,14.99,109.2301,-13.9983
684,78.1586,23.68,-3.43,6316.9399,-6.87,6271.585,755.6135,68.9871,-3.41,95.035,16.24,103.6089,-11.1002
685,80.2165,22.88,-7.06,6424.1802,-8.63,6351.4453,963.9677,70.799,-4.6,98.3486,16.46,106.9663,-19.9694
686,77.7559,21.17,-3.64,7536.0,-0.82,7535.2285,107.8493,70.1056,-5.3,91.9182,14.22,99.7157,-7.2397
687,85.6523,22.74,-4.8,6631.7598,-1.33,6629.9731,153.9284,72.4991,-6.04,108.4208,19.37,116.9401,-11.647
688,71.4925,22.39,-4.72,2709.22,-36.76,2170.49,1621.3716,70.128,-2.55,79.287,10.01,95.6146,-20.9536
689,94.0632,19.87,-7.79,6203.7402,-16.78,5939.5869,1791.0049,73.5057,-5.06,122.4191,19.54,131.8788,-35.3346
690,78.2257,24.32,-1.93,4055.0901,-17.56,3866.1292,1223.4384,59.3907,7.79,97.4847,15.69,109.2192,-14.2388
691,80.6639,22.81,-0.63,3907.3501,-27.54,3464.6013,1806.6328,64.3343,7.09,99.8141,14.76,112.85,-17.7056
692,86.1444,23.78,0.88,3935.0,-11.76,3852.4041,802.0027,72.4767,-1.65,114.4576,19.25,126.6732,-6.9663
693,92.6092,20.92,-2.28,6181.1401,-8.74,6109.3652,939.2297,73.0136,-4.84,121.3692,20.73,130.8399,-14.1732
694,90.2156,21.99,2.63,7420.3301,-0.22,7420.2754,28.492,73.2149,-4.81,115.1247,21.37,122.4956,5.9274
695,85.0931,21.53,3.71,4018.3999,23.32,3690.1299,-1590.7482,77.6441,-5.25,108.399,15.66,121.6317,24.2673
696,93.1237,18.41,-0.21,1809.15,-25.22,1636.699,770.8699,72.1859,2.87,122.2222,13.1,145.9755,-15.0372
697,97.5304,17.3,-1.19,3373.0801,-7.57,3343.6826,444.3607,75.8098,-3.28,133.9239,16.44,150.5577,-10.1597
698,95.0698,19.68,3.45,5621.1899,12.62,5485.3853,-1228.1393,75.3176,-3.81,126.192,19.98,136.2642,21.3473
699,94.5553,18.8,1.56,1772.02,-16.45,1699.4863,501.798,78.0467,-0.51,128.8714,14.4,152.2966,-6.0367
700,92.0723,17.65,-0.95,1837.27,-12.76,1791.8964,405.7935,77.3756,-4.02,120.4396,12.43,144.2804,-9.8316
701,87.3524,21.46,2.66,2255.1101,-1.67,2254.1523,65.7204,73.3491,2.03,118.5039,15.82,137.1063,5.5118
702,76.8611,14.93,8.72,1555.99,-3.73,1552.694,101.2246,50.3534,2.67,77.231,5.92,113.0906,16.0652
703,112.7416,12.69,-1.62,3437.6299,-7.25,3410.1458,433.8253,78.6954,-4.81,159.6675,16.19,178.6527,-13.8889
704,94.4435,13.85,2.4,1111.6,-15.34,1071.9969,294.0697,66.7725,5.75,105.643,7.55,156.0477,0.35
705,96.5685,15.42,3.72,1649.3199,29.72,1432.366,-817.6699,80.4402,-3.47,118.2415,10.14,151.378,25.8311
706,116.0075,12.8,2.26,4017.9099,8.18,3977.0315,-571.6819,81.8271,-6.05,166.3823,18.79,182.7975,18.657
707,88.4485,20.74,2.61,1684.6899,66.77,664.4809,-1548.1102,85.8312,-1.67,101.0389,11.2,125.0984,28.4011
708,117.7971,13.08,4.23,2900.1699,15.87,2789.6289,-793.0677,85.3839,-3.8,170.8661,17.04,192.0494,33.7708
709,85.272,13.54,7.06,1008.35,-60.62,494.6963,878.6611,82.6772,-3.97,74.0376,4.79,128.084,3.0731
710,112.6297,11.41,1.86,2378.0701,-28.15,2096.7812,1121.9293,85.8089,-1.62,143.6899,10.49,180.6212,-19.1492
711,102.2951,9.14,4.69,2517.1299,-9.07,2485.657,396.8029,80.5521,-3.91,115.5621,6.49,162.1282,6.4414
712,116.1865,8.12,1.46,3120.53,-24.77,2833.4319,1307.4293,86.5023,-3.18,141.1855,8.26,183.0381,-21.3801
713,109.8336,11.85,7.48,3134.4099,3.96,3126.9265,-216.4624,86.48,-3.57,150.2187,13.27,171.7082,27.1216
714,116.4325,7.21,-4.3,2426.0701,-67.5,928.4168,2241.3965,82.7443,-3.13,84.8972,3.03,166.1636,-43.5039
715,103.3912,12.63,1.74,910.05,-37.08,726.0328,548.696,86.0773,-5.07,109.3723,6.9,176.5529,-7.9615
716,113.5916,11.42,3.77,3942.05,11.7,3860.1455,-799.3976,80.0152,-3.3,156.7367,15.07,174.8031,26.1702
717,111.2652,11.49,0.48,1329.73,5.92,1322.6383,-137.148,85.1378,-3.88,136.0783,8.68,194.2367,5.5446
718,97.3738,10.63,-2.74,1028.04,-63.14,464.4809,917.1281,80.2165,-3.68,78.423,3.94,150.339,-22.2332
719,115.8733,6.56,3.02,1711.5699,-48.65,1130.7607,1284.8549,84.8917,-3.89,92.0494,3.01,177.5591,-13.6702
720,123.0315,4.95,2.19,2675.97,-28.65,2348.3374,1283.0148,88.7393,-4.77,124.836,4.09,192.4759,-18.8867
721,115.4706,9.85,0.72,1526.03,-11.95,1492.9589,315.9767,87.0392,-4.36,138.0796,7.78,201.2139,-6.4414
722,113.0324,9.6,-1.51,1165.8,-23.59,1068.3772,466.5405,84.668,-4.21,118.2633,5.88,197.0801,-17.6619
723,97.0607,10.68,-2.91,4368.5,-5.89,4345.4375,448.2907,90.2604,-2.61,117.0713,9.1,138.692,-12.161
724,92.8776,10.45,6.71,1809.59,-72.76,536.3171,1728.2881,86.1892,-3.22,68.1102,3.39,130.6649,-4.1667
725,109.3414,13.31,2.97,526.3,16.06,505.7598,-145.5977,85.8089,-2.17,120.9427,7.86,197.6706,14.1951
726,112.2942,12.16,1.05,660.25,-26.77,589.4856,297.3833,90.5959,-4.04,121.402,7.28,202.5919,-4.6479
727,125.3355,10.62,4.29,3423.7,11.68,3352.8071,-693.1125,93.5487,-4.44,182.5678,17.29,202.7668,32.6006
728,125.425,7.24,-3.24,2649.79,-3.04,2646.061,140.5266,87.5537,-4.5,165.4199,9.39,210.269,-15.8136
729,120.7275,10.42,1.21,1695.17,-0.09,1695.168,2.6628,89.9696,-4.79,160.3784,10.39,211.3736,4.451
730,121.8235,12.47,1.13,4109.0801,23.03,3781.5869,-1607.5256,92.8552,-3.84,173.1299,19.2,189.895,36.7892
731,119.3853,3.06,-12.42,2419.5801,-9.23,2388.2524,388.0959,89.9472,-3.13,101.6842,1.95,182.5569,-46.1067
732,101.9372,8.86,-2.03,1707.4399,-59.11,876.5851,1465.2473,83.9522,-3.74,79.7135,3.43,151.028,-26.4654
733,115.3364,8.76,-5.4,1914.25,-63.09,866.3713,1706.9722,92.7657,-1.22,97.9221,4.33,176.881,-47.4191
734,129.9436,5.35,-4.1,1925.23,-29.79,1670.8149,956.4976,88.6274,-3.98,128.423,4.04,211.7563,-39.3154
735,128.4896,9.67,-2.64,1896.0,-26.82,1692.0442,855.4544,94.1079,-2.44,168.0665,10.38,222.091,-37.85
