candidate_id,candidate_type,model,time_s,x_m,y_m,z_m,x_yd,y_yd,z_yd
local_2026_04651,robust_recommended_optimum,constant_lift,0,0,0,0.01,0,0,0.0109361329834
local_2026_04651,robust_recommended_optimum,constant_lift,0.000290150646616,0.0147650701578,3.55809069338e-09,0.0152234249205,0.0161472770754,3.89117529897e-09,0.0166485399393
local_2026_04651,robust_recommended_optimum,constant_lift,0.00319165711277,0.16233988995,4.30163785823e-07,0.0674414428127,0.1775370625,4.70432836639e-07,0.0737548587191
local_2026_04651,robust_recommended_optimum,constant_lift,0.0231916571128,1.17583309002,2.25803739917e-05,0.42656794782,1.28590670387,2.46941972788e-05,0.46650038038
local_2026_04651,robust_recommended_optimum,constant_lift,0.0431916571128,2.18285704642,7.78654456643e-05,0.784252907221,2.38720149434,8.51546868595e-05,0.857669408596
local_2026_04651,robust_recommended_optimum,constant_lift,0.0631916571128,3.18348877206,0.000165711712987,1.1404614511,3.48150565623,0.000181224533012,1.24722380916
local_2026_04651,robust_recommended_optimum,constant_lift,0.0831916571128,4.17780422632,0.00028555716725,1.49515957536,4.56890225975,0.00031228911554,1.63512639475
local_2026_04651,robust_recommended_optimum,constant_lift,0.103191657113,5.16587833202,0.000436851183939,1.84831411928,5.64947324149,0.000477746264151,2.02134090035
local_2026_04651,robust_recommended_optimum,constant_lift,0.123191657113,6.14778499196,0.000619054257234,2.19989274368,6.72329942253,0.000677005968104,2.4058319594
local_2026_04651,robust_recommended_optimum,constant_lift,0.143191657113,7.12359710521,0.000831637741687,2.54986390971,7.79046052626,0.000909490093708,2.78856508061
local_2026_04651,robust_recommended_optimum,constant_lift,0.163191657113,8.09338658306,0.00107408360086,2.89819685827,8.85103519583,0.00117463210943,3.1695066254
local_2026_04651,robust_recommended_optimum,constant_lift,0.183191657113,9.05722436469,0.00134588416273,3.24486158999,9.90510101125,0.00147187681838,3.54862378608
local_2026_04651,robust_recommended_optimum,constant_lift,0.203191657113,10.0151804325,0.00164654188155,3.58982884577,10.9527345062,0.00180068009793,3.92588456449
local_2026_04651,robust_recommended_optimum,constant_lift,0.223191657113,10.9673238272,0.00197556910615,3.93307008788,11.9940111847,0.00216050864628,4.3012577514
local_2026_04651,robust_recommended_optimum,constant_lift,0.243191657113,11.9137226628,0.00233248785433,4.27455748158,13.0290055367,0.0025508397357,4.67471290637
local_2026_04651,robust_recommended_optimum,constant_lift,0.263191657113,12.8544441405,0.00271682959312,4.61426387728,14.0577910548,0.00297116097236,5.04622033823
local_2026_04651,robust_recommended_optimum,constant_lift,0.283191657113,13.7895545638,0.00312813502502,4.95216279313,15.0804402491,0.00342097006236,5.4157510861
local_2026_04651,robust_recommended_optimum,constant_lift,0.303191657113,14.7191193518,0.00356595387958,5.28822839819,16.0970246629,0.00389977458397,5.7832769009
local_2026_04651,robust_recommended_optimum,constant_lift,0.323191657113,15.6432030532,0.00402984471065,5.62243549596,17.1076148875,0.0044070917658,6.14877022743
local_2026_04651,robust_recommended_optimum,constant_lift,0.343191657113,16.5618693597,0.00451937469869,5.95475950849,18.1122805771,0.00494244827066,6.51220418689
local_2026_04651,robust_recommended_optimum,constant_lift,0.363191657113,17.4751811193,0.00503411945838,6.28517646078,19.1110904629,0.00550537998511,6.87355255991
local_2026_04651,robust_recommended_optimum,constant_lift,0.383191657113,18.383200349,0.00557366285102,6.61366296574,20.1041123677,0.00609543181432,7.23278977006
local_2026_04651,robust_recommended_optimum,constant_lift,0.403191657113,19.285988248,0.00613759680184,6.94019620948,21.0914132196,0.00671215748232,7.58989086776
local_2026_04651,robust_recommended_optimum,constant_lift,0.423191657113,20.1836052097,0.00672552112197,7.26475393703,22.0730590658,0.00735511933724,7.94483151469
local_2026_04651,robust_recommended_optimum,constant_lift,0.443191657113,21.0761108342,0.00733704333492,7.58731443846,23.0491150855,0.00802388816154,8.29758796857
local_2026_04651,robust_recommended_optimum,constant_lift,0.463191657113,21.9635639403,0.00797177850744,7.90785653536,24.019645604,0.00871804298714,8.64813706841
local_2026_04651,robust_recommended_optimum,constant_lift,0.483191657113,22.8460225774,0.00862934908473,8.22635956768,24.9847141048,0.00943717091506,8.99645622012
local_2026_04651,robust_recommended_optimum,constant_lift,0.503191657113,23.723544037,0.00930938472971,8.54280338095,25.9443832425,0.0101808669398,9.34252338249
local_2026_04651,robust_recommended_optimum,constant_lift,0.523191657113,24.596184864,0.0100115221664,8.85716831384,26.8987148557,0.0109487337777,9.68631705363
local_2026_04651,robust_recommended_optimum,constant_lift,0.543191657113,25.4640008683,0.010735405027,9.16943518601,27.8477699785,0.0117403817006,10.0278162577
local_2026_04651,robust_recommended_optimum,constant_lift,0.563191657113,26.3270471353,0.0114806837034,9.47958528636,28.7916088531,0.012555428372,10.3670005319
local_2026_04651,robust_recommended_optimum,constant_lift,0.583191657113,27.1853780368,0.0122470152012,9.78760036154,29.7302909414,0.013393498689,10.7038499142
local_2026_04651,robust_recommended_optimum,constant_lift,0.603191657113,28.0390472419,0.0130340629988,10.0934626048,30.6638749364,0.0142542246268,11.0383449309
local_2026_04651,robust_recommended_optimum,constant_lift,0.623191657113,28.888107727,0.0138414969087,10.3971546451,31.5924187741,0.0151372450882,11.3704665848
local_2026_04651,robust_recommended_optimum,constant_lift,0.643191657113,29.7326117863,0.0146689929428,10.6986595366,32.5159796438,0.0160422057555,11.7001963436
local_2026_04651,robust_recommended_optimum,constant_lift,0.663191657113,30.5726110418,0.0155162331813,10.9979607482,33.4346140002,0.0169687589472,12.0275161288
local_2026_04651,robust_recommended_optimum,constant_lift,0.683191657113,31.4081564528,0.0163829056438,11.2950421537,34.348377573,0.0179165634774,12.3524083045
local_2026_04651,robust_recommended_optimum,constant_lift,0.703191657113,32.2392983261,0.0172687041643,11.5898880219,35.2573253785,0.0188852845192,12.674855667
local_2026_04651,robust_recommended_optimum,constant_lift,0.723191657113,33.0660863253,0.0181733282696,11.8824830073,36.1615117293,0.0198745934707,12.9948414341
local_2026_04651,robust_recommended_optimum,constant_lift,0.743191657113,33.8885694799,0.0190964830592,12.1728121407,37.0609902449,0.020884167825,13.3123492352
local_2026_04651,robust_recommended_optimum,constant_lift,0.763191657113,34.706796195,0.0200378790894,12.4608608201,37.9558138616,0.0219136910427,13.6273631015
local_2026_04651,robust_recommended_optimum,constant_lift,0.783191657113,35.5208142598,0.02099723226,12.746614802,38.8460348422,0.0229628524278,13.9398674563
local_2026_04651,robust_recommended_optimum,constant_lift,0.803191657113,36.3306708565,0.0219742637027,13.0300601932,39.7317047862,0.0240313470065,14.2498471054
local_2026_04651,robust_recommended_optimum,constant_lift,0.823191657113,37.1364125697,0.0229686996736,13.3111834419,40.6128746387,0.0251188754086,14.5572872287
local_2026_04651,robust_recommended_optimum,constant_lift,0.843191657113,37.9380853938,0.0239802714472,13.5899713301,41.4895947002,0.0262251437524,14.8621733706
local_2026_04651,robust_recommended_optimum,constant_lift,0.863191657113,38.7357347426,0.025008715213,13.8664109654,42.3619146353,0.0273498635312,15.164491432
local_2026_04651,robust_recommended_optimum,constant_lift,0.883191657113,39.5294054564,0.0260537719751,14.1404897736,43.2298834825,0.0284927515039,15.4642276614
local_2026_04651,robust_recommended_optimum,constant_lift,0.903191657113,40.3191418113,0.0271151874539,14.4121954909,44.0935496624,0.0296535295865,15.761368647
local_2026_04651,robust_recommended_optimum,constant_lift,0.923191657113,41.1049875261,0.0281927119894,14.6815161568,44.9529609866,0.0308319247478,16.0559013088
local_2026_04651,robust_recommended_optimum,constant_lift,0.943191657113,41.8869857709,0.029286100448,14.9484401071,45.8081646663,0.0320276689064,16.3478128905
local_2026_04651,robust_recommended_optimum,constant_lift,0.963191657113,42.6651791744,0.0303951121305,15.2129559669,46.659207321,0.0332404988304,16.6370909524
local_2026_04651,robust_recommended_optimum,constant_lift,0.983191657113,43.4396098315,0.0315195106825,15.4750526438,47.5061349863,0.0344701560395,16.9237233638
local_2026_04651,robust_recommended_optimum,constant_lift,1.00319165711,44.2103193111,0.0326590640069,15.7347193215,48.3489931224,0.0357163867092,17.2076982956
local_2026_04651,robust_recommended_optimum,constant_lift,1.02319165711,44.9773486629,0.0338135441787,15.9919454533,49.1878266217,0.0369789415778,17.4890042141
local_2026_04651,robust_recommended_optimum,constant_lift,1.04319165711,45.7407384251,0.034982727361,16.2467207559,50.0226798174,0.0382575758541,17.7676298731
local_2026_04651,robust_recommended_optimum,constant_lift,1.06319165711,46.5005286309,0.0361663937238,16.4990352035,50.8535964905,0.0395520491293,18.0435643083
local_2026_04651,robust_recommended_optimum,constant_lift,1.08319165711,47.2567588161,0.0373643273639,16.7488790216,51.6806198776,0.0408621252886,18.3167968303
local_2026_04651,robust_recommended_optimum,constant_lift,1.10319165711,48.0094680255,0.038576316227,16.9962426817,52.5037926788,0.0421875724267,18.5873170184
local_2026_04651,robust_recommended_optimum,constant_lift,1.12319165711,48.7586948197,0.0398021520317,17.2411168952,53.3231570644,0.0435281627644,18.8551147147
local_2026_04651,robust_recommended_optimum,constant_lift,1.14319165711,49.5044772817,0.0410416301949,17.4834926083,54.1387546826,0.0448836725666,19.1201800179
local_2026_04651,robust_recommended_optimum,constant_lift,1.16319165711,50.2468530238,0.0422945497587,17.7233609969,54.9506266664,0.0462538820633,19.3825032775
local_2026_04651,robust_recommended_optimum,constant_lift,1.18319165711,50.9858591932,0.0435607133197,17.9607134608,55.7588136409,0.0476385753715,19.6420750883
local_2026_04651,robust_recommended_optimum,constant_lift,1.20319165711,51.7215324791,0.0448399269589,18.195541619,56.5633557295,0.0490375404187,19.898886285
local_2026_04651,robust_recommended_optimum,constant_lift,1.22319165711,52.4539091183,0.046132000174,18.4278373052,57.3642925616,0.0504505688692,20.1529279366
local_2026_04651,robust_recommended_optimum,constant_lift,1.24319165711,53.1830249017,0.0474367458129,18.6575925624,58.1616632784,0.0518774560509,20.4041913412
local_2026_04651,robust_recommended_optimum,constant_lift,1.26319165711,53.9089151801,0.0487539800082,18.8847996384,58.9555065399,0.0533180008839,20.652668021
local_2026_04651,robust_recommended_optimum,constant_lift,1.28319165711,54.63161487,0.050083522114,19.1094509817,59.7458605315,0.0547720058115,20.8983497175
local_2026_04651,robust_recommended_optimum,constant_lift,1.30319165711,55.3511584595,0.0514251946434,19.3315392366,60.5327629697,0.0562392767316,21.1412283865
local_2026_04651,robust_recommended_optimum,constant_lift,1.32319165711,56.0675800141,0.0527788232076,19.5510572391,61.316251109,0.0577196229305,21.3812961933
local_2026_04651,robust_recommended_optimum,constant_lift,1.34319165711,56.7809131822,0.0541442364567,19.7679980129,62.0963617478,0.0592128570173,21.6185455084
local_2026_04651,robust_recommended_optimum,constant_lift,1.36319165711,57.4911912005,0.0555212660207,19.982354765,62.8731312341,0.0607187948608,21.8529689031
local_2026_04651,robust_recommended_optimum,constant_lift,1.38319165711,58.1984468997,0.0569097464535,20.1941208819,63.6465954721,0.0622372555266,22.0845591447
local_2026_04651,robust_recommended_optimum,constant_lift,1.40319165711,58.9027127097,0.0583095151763,20.4032899258,64.4167899275,0.0637680612164,22.3133091927
local_2026_04651,robust_recommended_optimum,constant_lift,1.42319165711,59.6040206648,0.0597204124234,20.609855631,65.1837496334,0.0653110372084,22.5392121949
local_2026_04651,robust_recommended_optimum,constant_lift,1.44319165711,60.3024024091,0.0611422811886,20.8138118998,65.9475091963,0.0668660117986,22.7622614827
local_2026_04651,robust_recommended_optimum,constant_lift,1.46319165711,60.9978892012,0.0625749671734,21.0151527992,66.708102801,0.0684328162439,22.9824505678
local_2026_04651,robust_recommended_optimum,constant_lift,1.48319165711,61.6905119198,0.0640183187354,21.2138725577,67.4655642168,0.0700112847063,23.1997731383
local_2026_04651,robust_recommended_optimum,constant_lift,1.50319165711,62.3803010681,0.0654721868384,21.4099655615,68.2199268024,0.0716012541978,23.414223055
local_2026_04651,robust_recommended_optimum,constant_lift,1.52319165711,63.0672867788,0.0669364250035,21.6034263514,68.9712235114,0.073202564527,23.6257943475
local_2026_04651,robust_recommended_optimum,constant_lift,1.54319165711,63.7514988193,0.068410889261,21.7942496198,69.7194868978,0.0748150582469,23.8344812115
local_2026_04651,robust_recommended_optimum,constant_lift,1.56319165711,64.4329665958,0.0698954381037,21.9824302072,70.4647491205,0.0764385806034,24.0402780043
local_2026_04651,robust_recommended_optimum,constant_lift,1.58319165711,65.1117191583,0.0713899324407,22.1679630996,71.2070419491,0.0780729794846,24.2431792428
local_2026_04651,robust_recommended_optimum,constant_lift,1.60319165711,65.7877852051,0.0728942355527,22.3508434253,71.9463967685,0.0797181053726,24.443179599
local_2026_04651,robust_recommended_optimum,constant_lift,1.62319165711,66.4611930874,0.0744082130475,22.5310664522,72.6828445838,0.0813738112943,24.6402738979
local_2026_04651,robust_recommended_optimum,constant_lift,1.64319165711,67.1319708137,0.0759317328175,22.7086275849,73.4164160255,0.0830399527751,24.8344571138
local_2026_04651,robust_recommended_optimum,constant_lift,1.66319165711,67.8001460538,0.077464664997,22.883522362,74.1471413537,0.084716387792,25.0257243679
local_2026_04651,robust_recommended_optimum,constant_lift,1.68319165711,68.4657461439,0.0790068819208,23.0557464538,74.8750504636,0.0864029767288,25.214070925
local_2026_04651,robust_recommended_optimum,constant_lift,1.70319165711,69.1287980899,0.0805582580842,23.2252956591,75.6001728892,0.0880995823318,25.3994921906
local_2026_04651,robust_recommended_optimum,constant_lift,1.72319165711,69.7893285724,0.0821186701028,23.3921659035,76.3225378089,0.0898060696662,25.581983709
local_2026_04651,robust_recommended_optimum,constant_lift,1.74319165711,70.4473639504,0.083687996674,23.5563532363,77.042174049,0.0915223060739,25.7615411596
local_2026_04651,robust_recommended_optimum,constant_lift,1.76319165711,71.1029302653,0.0852661185388,23.7178538288,77.7591100889,0.0932481611317,25.9381603552
local_2026_04651,robust_recommended_optimum,constant_lift,1.78319165711,71.7560532452,0.0868529184445,23.8766639713,78.4733740652,0.0949835066103,26.111837239
local_2026_04651,robust_recommended_optimum,constant_lift,1.80319165711,72.4067583086,0.0884482811082,24.0327800717,79.1849937758,0.096728216435,26.2825678824
local_2026_04651,robust_recommended_optimum,constant_lift,1.82319165711,73.0550705683,0.0900520931811,24.1861986526,79.8939966845,0.098482166646,26.4503484827
local_2026_04651,robust_recommended_optimum,constant_lift,1.84319165711,73.7010148354,0.0916642432134,24.3369163498,80.600409925,0.10024523536,26.6151753606
local_2026_04651,robust_recommended_optimum,constant_lift,1.86319165711,74.3446156231,0.0932846216199,24.4849299099,81.3042603052,0.102017302734,26.7770449583
local_2026_04651,robust_recommended_optimum,constant_lift,1.88319165711,74.98589715,0.0949131206464,24.6302361886,82.005574311,0.103798250926,26.935953837
local_2026_04651,robust_recommended_optimum,constant_lift,1.90319165711,75.6248833442,0.0965496343367,24.7728321485,82.7043781105,0.10558796406,27.0918986751
local_2026_04651,robust_recommended_optimum,constant_lift,1.92319165711,76.2615978469,0.0981940585003,24.9127148577,83.4006975579,0.107386328194,27.2448762661
local_2026_04651,robust_recommended_optimum,constant_lift,1.94319165711,76.8960640159,0.0998462906805,25.0498814876,84.0945581976,0.109193231278,27.3948835166
local_2026_04651,robust_recommended_optimum,constant_lift,1.96319165711,77.5283049287,0.101506230124,25.1843293112,84.7859852677,0.111008563128,27.5419174445
local_2026_04651,robust_recommended_optimum,constant_lift,1.98319165711,78.158343387,0.103173777749,25.3160557017,85.475003704,0.112832215387,27.6859751768
local_2026_04651,robust_recommended_optimum,constant_lift,2.00319165711,78.7862019189,0.104848836119,25.4450581305,86.161638144,0.114664081495,27.8270539485
local_2026_04651,robust_recommended_optimum,constant_lift,2.02319165711,79.4119027832,0.106531309407,25.571334166,86.8459129301,0.116504056657,27.9651511002
local_2026_04651,robust_recommended_optimum,constant_lift,2.04319165711,80.0354679725,0.108221103373,25.6948814717,87.5278521134,0.11835203781,28.1002640767
local_2026_04651,robust_recommended_optimum,constant_lift,2.06319165711,80.6569192161,0.109918125335,25.8156978051,88.2074794576,0.120207923595,28.2323904255
local_2026_04651,robust_recommended_optimum,constant_lift,2.08319165711,81.2762779837,0.111622284137,25.9337810157,88.8848184424,0.122071614323,28.3615277949
local_2026_04651,robust_recommended_optimum,constant_lift,2.10319165711,81.8935654887,0.113333490127,26.0491290443,89.5598922667,0.12394301195,28.487673933
local_2026_04651,robust_recommended_optimum,constant_lift,2.12319165711,82.5088026908,0.115051655129,26.1617399212,90.2327238526,0.125822020045,28.6108266854
local_2026_04651,robust_recommended_optimum,constant_lift,2.14319165711,83.1220102997,0.116776692415,26.2716117648,90.9033358483,0.127708543761,28.7309839947
local_2026_04651,robust_recommended_optimum,constant_lift,2.16319165711,83.7332087778,0.118508516681,26.3787427809,91.5717506319,0.129602489809,28.8481438986
local_2026_04651,robust_recommended_optimum,constant_lift,2.18319165711,84.3424183435,0.120247044024,26.4831312608,92.2379903144,0.131503766431,28.9623045284
local_2026_04651,robust_recommended_optimum,constant_lift,2.20319165711,84.9496589741,0.121992191914,26.5847755806,92.9020767433,0.133412283371,29.0734641083
local_2026_04651,robust_recommended_optimum,constant_lift,2.22319165711,85.5549504088,0.123743879172,26.6836742,93.5640315057,0.135327951851,29.1816209537
local_2026_04651,robust_recommended_optimum,constant_lift,2.24319165711,86.1583121517,0.125502025946,26.7798256609,94.2238759314,0.137250684542,29.28677347
local_2026_04651,robust_recommended_optimum,constant_lift,2.26319165711,86.7597634743,0.127266553686,26.8732285868,94.8816310962,0.139180395545,29.3889201518
local_2026_04651,robust_recommended_optimum,constant_lift,2.28319165711,87.3593234192,0.129037385126,26.9638816812,95.537317825,0.141117000357,29.4880595813
local_2026_04651,robust_recommended_optimum,constant_lift,2.30319165711,87.957010802,0.130814444257,27.0517837271,96.1909566951,0.143060415854,29.5841904277
local_2026_04651,robust_recommended_optimum,constant_lift,2.32319165711,88.5528442147,0.132597656306,27.1369335861,96.8425680388,0.145010560265,29.6773114458
local_2026_04651,robust_recommended_optimum,constant_lift,2.34319165711,89.1468420283,0.134386947718,27.2193301969,97.492171947,0.146967353148,29.7674214752
local_2026_04651,robust_recommended_optimum,constant_lift,2.36319165711,89.7390223955,0.13618224613,27.298972575,98.1397882716,0.148930715366,29.854519439
local_2026_04651,robust_recommended_optimum,constant_lift,2.38319165711,90.3294032535,0.137983480354,27.3758598116,98.7854366289,0.150900569066,29.9386043434
local_2026_04651,robust_recommended_optimum,constant_lift,2.40319165711,90.9180023264,0.139790580354,27.4499910728,99.4291364025,0.152876837658,30.0196752765
local_2026_04651,robust_recommended_optimum,constant_lift,2.42319165711,91.5048371283,0.14160347723,27.5213655989,100.070906746,0.154859445789,30.0977314073
local_2026_04651,robust_recommended_optimum,constant_lift,2.44319165711,92.0899249655,0.143422103192,27.5899827033,100.710766585,0.156848319327,30.1727719852
local_2026_04651,robust_recommended_optimum,constant_lift,2.46319165711,92.6732829392,0.145246391549,27.6558417724,101.348734623,0.158843385334,30.244796339
local_2026_04651,robust_recommended_optimum,constant_lift,2.48319165711,93.2549279483,0.147076276684,27.7189422643,101.98482934,0.160844572052,30.3138038761
local_2026_04651,robust_recommended_optimum,constant_lift,2.50319165711,93.8348766915,0.148911694036,27.7792837085,102.619068998,0.162851808876,30.3797940819
local_2026_04651,robust_recommended_optimum,constant_lift,2.52319165711,94.4131456701,0.150752580086,27.836865705,103.251471643,0.164865026341,30.442766519
local_2026_04651,robust_recommended_optimum,constant_lift,2.54319165711,94.9897511904,0.152598872335,27.8916879239,103.882055108,0.166884156097,30.5027208266
local_2026_04651,robust_recommended_optimum,constant_lift,2.56319165711,95.5647093661,0.154450509288,27.9437501046,104.510837015,0.168909130893,30.5596567199
local_2026_04651,robust_recommended_optimum,constant_lift,2.58319165711,96.1380361209,0.156307430437,27.9930520556,105.137834778,0.170939884555,30.6135739891
local_2026_04651,robust_recommended_optimum,constant_lift,2.60319165711,96.7097471906,0.158169576243,28.0395936535,105.763065607,0.172976351972,30.6644724995
local_2026_04651,robust_recommended_optimum,constant_lift,2.62319165711,97.2798581258,0.160036888123,28.0833748427,106.386546507,0.175018469075,30.7123521901
local_2026_04651,robust_recommended_optimum,constant_lift,2.64319165711,97.8483842938,0.161909308427,28.1243956348,107.008294285,0.17706617282,30.757213074
local_2026_04651,robust_recommended_optimum,constant_lift,2.66319165711,98.4153408816,0.163786780428,28.1626561086,107.628325549,0.179119401168,30.7990552368
local_2026_04651,robust_recommended_optimum,constant_lift,2.68319165711,98.9807428974,0.165669248307,28.1981564088,108.246656712,0.181178093074,30.8378788372
local_2026_04651,robust_recommended_optimum,constant_lift,2.70319165711,99.5446051736,0.16755665713,28.2308967463,108.863303996,0.183242188462,30.8736841058
local_2026_04651,robust_recommended_optimum,constant_lift,2.72319165711,100.106942369,0.16944895284,28.2608773975,109.47828343,0.185311628215,30.9064713446
local_2026_04651,robust_recommended_optimum,constant_lift,2.74319165711,100.667768969,0.171346082241,28.2880987039,110.091610859,0.187386354157,30.9362409273
local_2026_04651,robust_recommended_optimum,constant_lift,2.76319165711,101.227099293,0.17324799298,28.3125610718,110.703301939,0.189466309033,30.9629932982
local_2026_04651,robust_recommended_optimum,constant_lift,2.78319165711,101.78494749,0.175154633537,28.3342649719,111.313372146,0.191551436501,30.9867289719
local_2026_04651,robust_recommended_optimum,constant_lift,2.80319165711,102.341327545,0.177065953206,28.3532109388,111.921836773,0.193641681108,31.0074485333
local_2026_04651,robust_recommended_optimum,constant_lift,2.82319165711,102.896253281,0.178981902085,28.3693995712,112.528710937,0.195736988282,31.0251526369
local_2026_04651,robust_recommended_optimum,constant_lift,2.84319165711,103.449738359,0.180902431063,28.3828315309,113.134009579,0.197837304312,31.0398420067
local_2026_04651,robust_recommended_optimum,constant_lift,2.86319165711,104.001796282,0.182827491801,28.3935075432,113.737747465,0.199942576336,31.0515174357
local_2026_04651,robust_recommended_optimum,constant_lift,2.88319165711,104.552440397,0.184757036726,28.401428396,114.339939191,0.202052752325,31.0601797857
local_2026_04651,robust_recommended_optimum,constant_lift,2.90319165711,105.101683894,0.186691019013,28.40659494,114.940599184,0.204167781073,31.0658299869
local_2026_04651,robust_recommended_optimum,constant_lift,2.92319165711,105.649539814,0.188629392572,28.4090080884,115.539741704,0.206287612175,31.068469038
local_2026_04651,robust_recommended_optimum,constant_lift,2.94319165711,106.196021046,0.190572112041,28.4086688162,116.137380847,0.208412196021,31.0680980055
local_2026_04651,robust_recommended_optimum,constant_lift,2.96319165711,106.74114033,0.192519132768,28.4055781607,116.733530545,0.210541483779,31.0647180236
local_2026_04651,robust_recommended_optimum,constant_lift,2.98319165711,107.284910261,0.194470410799,28.3997372209,117.328204573,0.212675427383,31.0583302941
local_2026_04651,robust_recommended_optimum,constant_lift,3.00319165711,107.827343289,0.196425902872,28.3911471573,117.921416545,0.214813979519,31.0489360863
local_2026_04651,robust_recommended_optimum,constant_lift,3.02319165711,108.36845172,0.198385566399,28.3798091917,118.513179921,0.216957093612,31.0365367363
local_2026_04651,robust_recommended_optimum,constant_lift,3.04319165711,108.908247723,0.200349359455,28.3657246071,119.103508008,0.219104723814,31.0211336473
local_2026_04651,robust_recommended_optimum,constant_lift,3.06319165711,109.446743325,0.202317240773,28.3488947479,119.69241396,0.221256824992,31.0027282894
local_2026_04651,robust_recommended_optimum,constant_lift,3.08319165711,109.983950419,0.204289169723,28.3293210189,120.279910782,0.223413352716,30.9813221991
local_2026_04651,robust_recommended_optimum,constant_lift,3.10319165711,110.519880762,0.206265106312,28.3070048859,120.866011332,0.225574263245,30.9569169794
local_2026_04651,robust_recommended_optimum,constant_lift,3.12319165711,111.054545979,0.208245011162,28.2819478755,121.450728323,0.227739513519,30.9295142996
local_2026_04651,robust_recommended_optimum,constant_lift,3.14319165711,111.587957562,0.210228845509,28.2541515745,122.034074324,0.229909061142,30.8991158952
local_2026_04651,robust_recommended_optimum,constant_lift,3.16319165711,112.120126877,0.212216571187,28.2236176303,122.616061764,0.232082864377,30.8657235677
local_2026_04651,robust_recommended_optimum,constant_lift,3.18319165711,112.65106516,0.21420815062,28.1903477503,123.196702931,0.23426088213,30.8293391845
local_2026_04651,robust_recommended_optimum,constant_lift,3.20319165711,113.180783523,0.21620354681,28.1543437025,123.776009977,0.23644307394,30.789964679
local_2026_04651,robust_recommended_optimum,constant_lift,3.22319165711,113.709292954,0.218202723332,28.1156073146,124.353994919,0.238629399969,30.7476020501
local_2026_04651,robust_recommended_optimum,constant_lift,3.24319165711,114.236604319,0.220205644316,28.0741404745,124.93066964,0.240819820993,30.7022533623
local_2026_04651,robust_recommended_optimum,constant_lift,3.26319165711,114.762728365,0.222212274445,28.0299451299,125.506045893,0.243014298387,30.6539207457
local_2026_04651,robust_recommended_optimum,constant_lift,3.28319165711,115.287675719,0.224222578941,27.9830232884,126.080135301,0.245212794118,30.6026063959
local_2026_04651,robust_recommended_optimum,constant_lift,3.30319165711,115.811456892,0.226236523561,27.9333770172,126.652949357,0.247415270736,30.5483125735
local_2026_04651,robust_recommended_optimum,constant_lift,3.32319165711,116.334082282,0.228254074579,27.8810084435,127.224499434,0.249621691359,30.4910416049
local_2026_04651,robust_recommended_optimum,constant_lift,3.34319165711,116.855562171,0.230275198786,27.8259197537,127.794796775,0.25183201967,30.4307958811
local_2026_04651,robust_recommended_optimum,constant_lift,3.36319165711,117.375906731,0.232299863477,27.768113194,128.363852506,0.2540462199,30.3675778587
local_2026_04651,robust_recommended_optimum,constant_lift,3.38319165711,117.895126025,0.234328036442,27.70759107,128.93167763,0.256264256826,30.3013900591
local_2026_04651,robust_recommended_optimum,constant_lift,3.40319165711,118.413230006,0.236359685958,27.6443557467,129.498283034,0.258486095754,30.2322350686
local_2026_04651,robust_recommended_optimum,constant_lift,3.42319165711,118.930228523,0.238394780782,27.5784096485,130.063679487,0.260711702517,30.1601155386
local_2026_04651,robust_recommended_optimum,constant_lift,3.44319165711,119.446131318,0.240433290141,27.509755259,130.627877645,0.262941043461,30.0850341853
local_2026_04651,robust_recommended_optimum,constant_lift,3.46319165711,119.960948032,0.242475183725,27.4383951212,131.190888049,0.265174085438,30.0069937896
local_2026_04651,robust_recommended_optimum,constant_lift,3.48319165711,120.474688203,0.244520431677,27.3643318372,131.752721132,0.267410795798,29.9259971973
local_2026_04651,robust_recommended_optimum,constant_lift,3.50319165711,120.987361269,0.246569004589,27.2875680682,132.313387215,0.269651142376,29.8420473186
local_2026_04651,robust_recommended_optimum,constant_lift,3.52319165711,121.498976571,0.248620873489,27.2081065344,132.872896513,0.271895093492,29.7551471286
local_2026_04651,robust_recommended_optimum,constant_lift,3.54319165711,122.009543352,0.250676009839,27.1259500151,133.431259134,0.274142617934,29.6652996666
local_2026_04651,robust_recommended_optimum,constant_lift,3.56319165711,122.519070761,0.252734385522,27.0411013487,133.988485084,0.276393684954,29.5725080367
local_2026_04651,robust_recommended_optimum,constant_lift,3.58319165711,123.027567851,0.25479597284,26.9535634323,134.544584264,0.278648264261,29.4767754072
local_2026_04651,robust_recommended_optimum,constant_lift,3.60319165711,123.535043587,0.256860744503,26.8633392219,135.099566478,0.280906326009,29.3781050108
local_2026_04651,robust_recommended_optimum,constant_lift,3.62319165711,124.041506839,0.258928673622,26.7704317322,135.653441425,0.283167840793,29.2765001446
local_2026_04651,robust_recommended_optimum,constant_lift,3.64319165711,124.546966392,0.260999733704,26.6748440368,136.206218713,0.285432779641,29.1719641697
local_2026_04651,robust_recommended_optimum,constant_lift,3.66319165711,125.051430939,0.263073898644,26.5765792678,136.757907851,0.287701114002,29.0645005116
local_2026_04651,robust_recommended_optimum,constant_lift,3.68319165711,125.55490909,0.265151142718,26.4756406158,137.308518253,0.289972815745,28.9541126594
local_2026_04651,robust_recommended_optimum,constant_lift,3.70319165711,126.057409371,0.267231440577,26.3720313301,137.858059242,0.292247857148,28.8408041668
local_2026_04651,robust_recommended_optimum,constant_lift,3.72319165711,126.558940221,0.269314767239,26.2657547184,138.406540049,0.294526210891,28.7245786509
local_2026_04651,robust_recommended_optimum,constant_lift,3.74319165711,127.059510001,0.271401098085,26.1568141466,138.953969817,0.296807850049,28.6054397928
local_2026_04651,robust_recommended_optimum,constant_lift,3.76319165711,127.55912699,0.27349040885,26.045213039,139.5003576,0.299092748087,28.4833913375
local_2026_04651,robust_recommended_optimum,constant_lift,3.78319165711,128.057799387,0.275582675619,25.930954878,140.045712366,0.301380878848,28.3584370932
local_2026_04651,robust_recommended_optimum,constant_lift,3.80319165711,128.555535317,0.277677874818,25.8140432043,140.590042997,0.303672216555,28.2305809321
local_2026_04651,robust_recommended_optimum,constant_lift,3.82319165711,129.052342824,0.279775983212,25.6944816163,141.133358293,0.305966735796,28.0998267895
local_2026_04651,robust_recommended_optimum,constant_lift,3.84319165711,129.54822988,0.281876977894,25.5722737705,141.675666973,0.30826441152,27.9661786642
local_2026_04651,robust_recommended_optimum,constant_lift,3.86319165711,130.043204383,0.283980836285,25.4474233812,142.216977672,0.310565219034,27.8296406181
local_2026_04651,robust_recommended_optimum,constant_lift,3.88319165711,130.537274159,0.286087536122,25.3199342203,142.75729895,0.312869133992,27.6902167764
local_2026_04651,robust_recommended_optimum,constant_lift,3.90319165711,131.030446964,0.288197055459,25.1898101173,143.296639287,0.315176132392,27.5479113269
local_2026_04651,robust_recommended_optimum,constant_lift,3.92319165711,131.522730481,0.290309372656,25.0570549593,143.835007088,0.317486190569,27.4027285206
local_2026_04651,robust_recommended_optimum,constant_lift,3.94319165711,132.014132328,0.292424466375,24.9216726904,144.372410682,0.319799285187,27.254672671
local_2026_04651,robust_recommended_optimum,constant_lift,3.96319165711,132.504660055,0.294542315575,24.7836673122,144.908858328,0.322115393237,27.1037481542
local_2026_04651,robust_recommended_optimum,constant_lift,3.98319165711,132.994321146,0.29666289951,24.6430428834,145.444358209,0.324434492028,26.9499594088
local_2026_04651,robust_recommended_optimum,constant_lift,4.00319165711,133.483123021,0.298786197717,24.4998035194,145.97891844,0.326756559183,26.7933109355
local_2026_04651,robust_recommended_optimum,constant_lift,4.02319165711,133.971073036,0.300912190015,24.3539533925,146.512547064,0.329081572633,26.6338072971
local_2026_04651,robust_recommended_optimum,constant_lift,4.04319165711,134.458178484,0.303040856502,24.2054967317,147.045252061,0.331409510611,26.4714531186
local_2026_04651,robust_recommended_optimum,constant_lift,4.06319165711,134.9444466,0.305172177546,24.0544378223,147.577041338,0.333740351647,26.3062530865
local_2026_04651,robust_recommended_optimum,constant_lift,4.08319165711,135.429884556,0.307306133782,23.900781006,148.107922743,0.336074074564,26.1382119488
local_2026_04651,robust_recommended_optimum,constant_lift,4.10319165711,135.914499467,0.309442706106,23.7445306807,148.637904054,0.338410658471,25.9673345151
local_2026_04651,robust_recommended_optimum,constant_lift,4.12319165711,136.398298392,0.311581875673,23.5856913,149.166992992,0.340750082757,25.7936256562
local_2026_04651,robust_recommended_optimum,constant_lift,4.14319165711,136.881288329,0.31372362389,23.4242673737,149.695197211,0.343092327089,25.6170903037
local_2026_04651,robust_recommended_optimum,constant_lift,4.16319165711,137.363476227,0.315867932413,23.2602634667,150.222524307,0.345437371405,25.4377334501
local_2026_04651,robust_recommended_optimum,constant_lift,4.18319165711,137.844868975,0.318014783141,23.0936841996,150.748981819,0.347785195911,25.2555601483
local_2026_04651,robust_recommended_optimum,constant_lift,4.20319165711,138.325473414,0.320164158213,22.9245342481,151.274577224,0.350135781073,25.0705755119
local_2026_04651,robust_recommended_optimum,constant_lift,4.22319165711,138.805296328,0.322316040003,22.7528183426,151.799317945,0.352489107615,24.8827847142
local_2026_04651,robust_recommended_optimum,constant_lift,4.24319165711,139.284344456,0.324470411117,22.5785412687,152.323211347,0.354845156515,24.6921929885
local_2026_04651,robust_recommended_optimum,constant_lift,4.26319165711,139.762624481,0.326627254386,22.4017078662,152.846264743,0.357203908996,24.4988056279
local_2026_04651,robust_recommended_optimum,constant_lift,4.28319165711,140.240143042,0.328786552867,22.2223230292,153.368485392,0.35956534653,24.3026279847
local_2026_04651,robust_recommended_optimum,constant_lift,4.30319165711,140.716906728,0.330948289832,22.040391706,153.889880499,0.361929450823,24.1036654702
local_2026_04651,robust_recommended_optimum,constant_lift,4.32319165711,141.19292208,0.333112448773,21.8559188985,154.410457218,0.364296203819,23.9019235548
local_2026_04651,robust_recommended_optimum,constant_lift,4.34319165711,141.668195596,0.335279013388,21.6689096623,154.930222655,0.366665587695,23.6974077672
local_2026_04651,robust_recommended_optimum,constant_lift,4.36319165711,142.142733727,0.337447967587,21.4793691062,155.449183866,0.36903758485,23.4901236945
local_2026_04651,robust_recommended_optimum,constant_lift,4.38319165711,142.61654288,0.339619295482,21.2873023922,155.967347856,0.371412177911,23.2800769818
local_2026_04651,robust_recommended_optimum,constant_lift,4.40319165711,143.08962942,0.341792981385,21.0927147347,156.484721588,0.373789349721,23.0672733319
local_2026_04651,robust_recommended_optimum,constant_lift,4.42319165711,143.561999669,0.343969009806,20.8956114009,157.001311974,0.37616908334,22.8517185049
local_2026_04651,robust_recommended_optimum,constant_lift,4.44319165711,144.033659908,0.346147365447,20.69599771,157.517125884,0.378551362038,22.633418318
local_2026_04651,robust_recommended_optimum,constant_lift,4.46319165711,144.504616379,0.348328033202,20.4938790331,158.032170143,0.380936169293,22.4123786452
local_2026_04651,robust_recommended_optimum,constant_lift,4.48319165711,144.974875281,0.350510998149,20.2892607931,158.546451532,0.383323488789,22.1886054168
local_2026_04651,robust_recommended_optimum,constant_lift,4.50319165711,145.444442778,0.352696245551,20.0821484639,159.059976791,0.385713304408,21.9621046193
local_2026_04651,robust_recommended_optimum,constant_lift,4.52319165711,145.913324994,0.354883760851,19.8725475704,159.572752618,0.388105600231,21.7328822948
local_2026_04651,robust_recommended_optimum,constant_lift,4.54319165711,146.381528017,0.35707352967,19.6604636884,160.08478567,0.390500360531,21.5009445411
local_2026_04651,robust_recommended_optimum,constant_lift,4.56319165711,146.849057898,0.359265537801,19.4459024437,160.596082565,0.392897569774,21.2662975107
local_2026_04651,robust_recommended_optimum,constant_lift,4.58319165711,147.315920653,0.36145977121,19.2288695125,161.106649883,0.39529721261,21.0289474108
local_2026_04651,robust_recommended_optimum,constant_lift,4.60319165711,147.782122264,0.363656216031,19.0093706201,161.616494164,0.397699273874,20.7889005032
local_2026_04651,robust_recommended_optimum,constant_lift,4.62319165711,148.247668677,0.365854858561,18.7874115417,162.125621913,0.400103738584,20.5461631033
local_2026_04651,robust_recommended_optimum,constant_lift,4.64319165711,148.712565807,0.368055685262,18.562998101,162.634039597,0.402510591932,20.3007415803
local_2026_04651,robust_recommended_optimum,constant_lift,4.66319165711,149.176819537,0.370258682756,18.3361361707,163.141753649,0.404919819286,20.0526423564
local_2026_04651,robust_recommended_optimum,constant_lift,4.68319165711,149.640435715,0.372463837819,18.1068316713,163.648770466,0.407331406188,19.8018719065
local_2026_04651,robust_recommended_optimum,constant_lift,4.70319165711,150.10342016,0.374671137384,17.8750905716,164.155096413,0.409745338347,19.548436758
local_2026_04651,robust_recommended_optimum,constant_lift,4.72319165711,150.565778662,0.376880568536,17.6409188876,164.660737819,0.412161601636,19.2923434904
local_2026_04651,robust_recommended_optimum,constant_lift,4.74319165711,151.027516979,0.379092118508,17.4043226826,165.165700983,0.414580182095,19.0335987343
local_2026_04651,robust_recommended_optimum,constant_lift,4.76319165711,151.488640841,0.38130577468,17.1653080666,165.669992171,0.417001065923,18.7722091717
local_2026_04651,robust_recommended_optimum,constant_lift,4.78319165711,151.949155949,0.383521524577,16.923881196,166.173617617,0.419424239476,18.5081815354
local_2026_04651,robust_recommended_optimum,constant_lift,4.80319165711,152.409067977,0.385739355866,16.6800482729,166.676583527,0.421849689267,18.2415226082
local_2026_04651,robust_recommended_optimum,constant_lift,4.82319165711,152.868382571,0.387959256354,16.4338155453,167.178896076,0.424277401962,17.9722392228
local_2026_04651,robust_recommended_optimum,constant_lift,4.84319165711,153.327105352,0.390181213985,16.1851893061,167.680561408,0.426707364376,17.7003382613
local_2026_04651,robust_recommended_optimum,constant_lift,4.86319165711,153.785241911,0.39240521684,15.9341758932,168.181585642,0.429139563473,17.4258266548
local_2026_04651,robust_recommended_optimum,constant_lift,4.88319165711,154.242797819,0.394631253131,15.6807816884,168.681974868,0.431573986364,17.1487113828
local_2026_04651,robust_recommended_optimum,constant_lift,4.90319165711,154.699778617,0.396859311202,15.4250131179,169.181735146,0.4340106203,16.8689994727
local_2026_04651,robust_recommended_optimum,constant_lift,4.92319165711,155.156189826,0.399089379528,15.1668766509,169.680872513,0.436449452677,16.5866979997
local_2026_04651,robust_recommended_optimum,constant_lift,4.94319165711,155.612036939,0.401321446708,14.9063788001,170.179392978,0.438890471028,16.3018140859
local_2026_04651,robust_recommended_optimum,constant_lift,4.96319165711,156.067325428,0.403555501468,14.6435261205,170.677302525,0.441333663023,16.0143548999
local_2026_04651,robust_recommended_optimum,constant_lift,4.98319165711,156.522060743,0.405791532658,14.3783252094,171.174607112,0.443779016468,15.7243276568
local_2026_04651,robust_recommended_optimum,constant_lift,5.00319165711,156.976248309,0.408029529248,14.1107827058,171.671312673,0.4462265193,15.431739617
local_2026_04651,robust_recommended_optimum,constant_lift,5.02319165711,157.42989353,0.410269480329,13.8409052901,172.16742512,0.44867615959,15.1365980862
local_2026_04651,robust_recommended_optimum,constant_lift,5.04319165711,157.883001789,0.412511375108,13.5686996833,172.662950338,0.451127925534,14.8389104148
local_2026_04651,robust_recommended_optimum,constant_lift,5.06319165711,158.335578448,0.414755202911,13.294172647,173.157894191,0.453581805458,14.5386839972
local_2026_04651,robust_recommended_optimum,constant_lift,5.08319165711,158.787628848,0.417000953176,13.0173309827,173.65226252,0.456037787813,14.2359262716
local_2026_04651,robust_recommended_optimum,constant_lift,5.10319165711,159.23915831,0.419248615456,12.7381815314,174.146061143,0.458495861172,13.9306447194
local_2026_04651,robust_recommended_optimum,constant_lift,5.12319165711,159.690172133,0.421498179413,12.4567311729,174.639295859,0.460956014231,13.6228468645
local_2026_04651,robust_recommended_optimum,constant_lift,5.14319165711,160.140675601,0.423749634822,12.1729868258,175.131972442,0.463418235807,13.3125402732
local_2026_04651,robust_recommended_optimum,constant_lift,5.16319165711,160.590673975,0.426002971563,11.8869554466,175.624096648,0.465882514833,12.9997325532
local_2026_04651,robust_recommended_optimum,constant_lift,5.18319165711,161.040172499,0.428258179625,11.5986440295,176.115674211,0.46834884036,12.6844313534
local_2026_04651,robust_recommended_optimum,constant_lift,5.20319165711,161.489176397,0.430515249103,11.3080596058,176.606710846,0.470817201556,12.3666443633
local_2026_04651,robust_recommended_optimum,constant_lift,5.22319165711,161.937690878,0.432774170193,11.0152092433,177.097212246,0.4732875877,12.0463793124
local_2026_04651,robust_recommended_optimum,constant_lift,5.24319165711,162.385721129,0.435034933198,10.7201000462,177.587184087,0.475759988186,11.72364397
local_2026_04651,robust_recommended_optimum,constant_lift,5.26319165711,162.833272324,0.437297528518,10.4227391542,178.076632026,0.478234392518,11.3984461441
local_2026_04651,robust_recommended_optimum,constant_lift,5.28319165711,163.280349618,0.439561946657,10.1231337422,178.565561699,0.480710790307,11.0707936813
local_2026_04651,robust_recommended_optimum,constant_lift,5.30319165711,163.726958146,0.441828178216,9.82129101989,179.053978725,0.483189171277,10.7406944662
local_2026_04651,robust_recommended_optimum,constant_lift,5.32319165711,164.173103033,0.444096213894,9.51721823115,179.541888706,0.485669525256,10.4081564208
local_2026_04651,robust_recommended_optimum,constant_lift,5.34319165711,164.618789381,0.446366044486,9.21092265353,180.029297224,0.488151842176,10.0731875039
local_2026_04651,robust_recommended_optimum,constant_lift,5.36319165711,165.064022281,0.448637660884,8.90241159782,180.516209844,0.490636112078,9.73579571065
local_2026_04651,robust_recommended_optimum,constant_lift,5.38319165711,165.508806805,0.450911054074,8.59169240755,181.002632114,0.493122325103,9.39598907212
local_2026_04651,robust_recommended_optimum,constant_lift,5.40319165711,165.953148012,0.453186215134,8.27877245846,181.488569566,0.495610471494,9.05377565448
local_2026_04651,robust_recommended_optimum,constant_lift,5.42319165711,166.397050942,0.455463135235,7.96365915803,181.974027714,0.498100541595,8.70916355865
local_2026_04651,robust_recommended_optimum,constant_lift,5.44319165711,166.840520624,0.45774180564,7.64635994497,182.459012056,0.500592525852,8.3621609197
local_2026_04651,robust_recommended_optimum,constant_lift,5.46319165711,167.283562069,0.460022217701,7.32688228872,182.943528072,0.503086414808,8.0127759063
local_2026_04651,robust_recommended_optimum,constant_lift,5.48319165711,167.726180274,0.46230436286,7.00523368891,183.427581227,0.505582199104,7.66101672016
local_2026_04651,robust_recommended_optimum,constant_lift,5.50319165711,168.168380223,0.464588232649,6.68142167494,183.911176972,0.508079869476,7.30689159551
local_2026_04651,robust_recommended_optimum,constant_lift,5.52319165711,168.610166884,0.466873818685,6.35545380536,184.394320739,0.51057941676,6.95040879852
local_2026_04651,robust_recommended_optimum,constant_lift,5.54319165711,169.05154521,0.469161112673,6.02733766748,184.877017946,0.513080831883,6.59157662673
local_2026_04651,robust_recommended_optimum,constant_lift,5.56319165711,169.492520142,0.471450106404,5.69708087677,185.359273996,0.515584105866,6.23040340854
local_2026_04651,robust_recommended_optimum,constant_lift,5.58319165711,169.933096605,0.473740791754,5.3646910764,185.841094275,0.518089229827,5.86689750263
local_2026_04651,robust_recommended_optimum,constant_lift,5.60319165711,170.373279512,0.476033160682,5.03017593673,186.322484156,0.520596194972,5.50106729739
local_2026_04651,robust_recommended_optimum,constant_lift,5.62319165711,170.813073762,0.478327205233,4.69354315478,186.803448996,0.523104992599,5.13292121039
local_2026_04651,robust_recommended_optimum,constant_lift,5.64319165711,171.252484238,0.480622917533,4.35480045373,187.283994136,0.5256156141,4.7624676878
local_2026_04651,robust_recommended_optimum,constant_lift,5.66319165711,171.691515813,0.48292028979,4.01395558242,187.764124904,0.528128050952,4.38971520387
local_2026_04651,robust_recommended_optimum,constant_lift,5.68319165711,172.130173343,0.485219314296,3.67101631482,188.243846614,0.530642294724,4.0146722603
local_2026_04651,robust_recommended_optimum,constant_lift,5.70319165711,172.568461675,0.48751998342,3.32599044956,188.723164562,0.533158337074,3.63734738578
local_2026_04651,robust_recommended_optimum,constant_lift,5.72319165711,173.006385639,0.489822289615,2.97888580936,189.202084033,0.535676169745,3.25774913534
local_2026_04651,robust_recommended_optimum,constant_lift,5.74319165711,173.443950054,0.492126225409,2.62971024057,189.680610296,0.538195784568,2.87588608986
local_2026_04651,robust_recommended_optimum,constant_lift,5.76319165711,173.881159725,0.494431783415,2.27847161264,190.158748606,0.540717173463,2.49176685546
local_2026_04651,robust_recommended_optimum,constant_lift,5.78319165711,174.318019444,0.496738956318,1.92517781761,190.636504204,0.543240328432,2.105400063
local_2026_04651,robust_recommended_optimum,constant_lift,5.80319165711,174.754533991,0.499047736885,1.56983676962,191.113882317,0.545765241563,1.71679436747
local_2026_04651,robust_recommended_optimum,constant_lift,5.82319165711,175.190708131,0.501358117959,1.21245640436,191.590888158,0.54829190503,1.32595844746
local_2026_04651,robust_recommended_optimum,constant_lift,5.84319165711,175.626546619,0.503670092461,0.853044678621,192.067526924,0.55082031109,0.932901004616
local_2026_04651,robust_recommended_optimum,constant_lift,5.86319165711,176.062054194,0.505983653385,0.491609569731,192.5438038,0.553350452083,0.537630763048
local_2026_04651,robust_recommended_optimum,constant_lift,5.88319165711,176.497235586,0.508298793804,0.128159075084,193.019723957,0.555882320434,0.140156468815
local_2026_04651,robust_recommended_optimum,constant_lift,5.89021776904,176.650040698,0.509112489223,1.66533453694e-16,193.18683366,0.556772188564,1.82123199578e-16
local_2026_04651,robust_recommended_optimum,spin_factor_lift,0,0,0,0.01,0,0,0.0109361329834
local_2026_04651,robust_recommended_optimum,spin_factor_lift,0.000290151031843,0.0147656572575,2.57528377117e-10,0.0152231598635,0.0161479191355,2.81636457914e-10,0.0166482500695
local_2026_04651,robust_recommended_optimum,spin_factor_lift,0.00319166135027,0.16240872702,3.1157642585e-08,0.0674086332441,0.177612343635,3.40744122758e-08,0.0737189777385
local_2026_04651,robust_recommended_optimum,spin_factor_lift,0.0231916613503,1.17943999198,1.6439131621e-06,0.424840781767,1.28985125982,1.79780529539e-06,0.464611528616
local_2026_04651,robust_recommended_optimum,spin_factor_lift,0.0431916613503,2.19531006271,5.69770224108e-06,0.778293370554,2.40082027855,6.23108294082e-06,0.851151980046
local_2026_04651,robust_recommended_optimum,spin_factor_lift,0.0631916613503,3.21002370069,1.2187226e-05,1.12777097438,3.51052460706,1.33281124235e-05,1.23334533506
local_2026_04651,robust_recommended_optimum,spin_factor_lift,0.0831916613503,4.22358563958,2.11072135606e-05,1.47327814086,4.61896942211,2.30831294407e-05,1.611196567
local_2026_04651,robust_recommended_optimum,spin_factor_lift,0.10319166135,5.23600058531,3.24524217973e-05,1.81481939069,5.7261598702,3.54904000408e-05,1.98471061974
local_2026_04651,robust_recommended_optimum,spin_factor_lift,0.12319166135,6.24727321623,4.62176350906e-05,2.15239921786,6.83210106761,5.05442203528e-05,2.35389240799
local_2026_04651,robust_recommended_optimum,spin_factor_lift,0.14319166135,7.25740818318,6.23976650801e-05,2.48602208994,7.93679810059,6.82389163168e-05,2.71874681752
local_2026_04651,robust_recommended_optimum,spin_factor_lift,0.16319166135,8.26641010966,8.09873504208e-05,2.81569244825,9.04025602544,8.85688434173e-05,3.07927870543
local_2026_04651,robust_recommended_optimum,spin_factor_lift,0.18319166135,9.2742835919,0.000101981556539,3.14141470816,10.1424798687,0.000111528386416,3.43549290043
local_2026_04651,robust_recommended_optimum,spin_factor_lift,0.20319166135,10.2810331989,0.000125375175388,3.46319325927,11.243474627,0.000137111959086,3.78739420305
local_2026_04651,robust_recommended_optimum,spin_factor_lift,0.22319166135,11.2866634729,0.000151163125211,3.78103246568,12.3432452678,0.000165314003949,4.13498738591
local_2026_04651,robust_recommended_optimum,spin_factor_lift,0.24319166135,12.2911789287,0.000179340350297,4.0949366662,13.4417967287,0.000196128992014,4.47827719401
local_2026_04651,robust_recommended_optimum,spin_factor_lift,0.26319166135,13.2945840548,0.000209901820743,4.4049101746,14.5391339182,0.00022955142251,4.81726834493
local_2026_04651,robust_recommended_optimum,spin_factor_lift,0.28319166135,14.2968833127,0.000242842532215,4.71095727983,15.6352617155,0.000265575822632,5.15196552913
local_2026_04651,robust_recommended_optimum,spin_factor_lift,0.30319166135,15.2980811373,0.000278157505713,5.01308224625,16.7301849708,0.00030419674728,5.48237341016
local_2026_04651,robust_recommended_optimum,spin_factor_lift,0.32319166135,16.298181937,0.000315841787334,5.31128931384,17.823908505,0.000345408778799,5.80849662494
local_2026_04651,robust_recommended_optimum,spin_factor_lift,0.34319166135,17.297190094,0.000355890448038,5.60558269849,18.9164371106,0.000389206526726,6.130339784
local_2026_04651,robust_recommended_optimum,spin_factor_lift,0.36319166135,18.2951099638,0.000398298583412,5.89596659216,20.007775551,0.000435584627529,6.44790747174
local_2026_04651,robust_recommended_optimum,spin_factor_lift,0.38319166135,19.2919458762,0.000443061313441,6.18244516315,21.097928561,0.000484537744358,6.76120424666
local_2026_04651,robust_recommended_optimum,spin_factor_lift,0.40319166135,20.2877021344,0.000490173782273,6.4650225563,22.1869008469,0.00053606056679,7.07023464162
local_2026_04651,robust_recommended_optimum,spin_factor_lift,0.42319166135,21.2823830161,0.000539631157991,6.74370289324,23.2746970867,0.000590147810576,7.37500316409
local_2026_04651,robust_recommended_optimum,spin_factor_lift,0.44319166135,22.2759927726,0.00059142863238,7.01849027261,24.3613219298,0.000646794217389,7.67551429638
local_2026_04651,robust_recommended_optimum,spin_factor_lift,0.46319166135,23.2685356298,0.000645561420705,7.28938877027,25.4467799976,0.000705994554577,7.97177249592
local_2026_04651,robust_recommended_optimum,spin_factor_lift,0.48319166135,24.2600157878,0.000702024761477,7.55640243955,26.5310758834,0.000767743614914,8.26378219548
local_2026_04651,robust_recommended_optimum,spin_factor_lift,0.50319166135,25.250437421,0.000760813916229,7.81953531143,27.6142141525,0.000832036216349,8.55154780341
local_2026_04651,robust_recommended_optimum,spin_factor_lift,0.52319166135,26.2398046784,0.000821924169291,8.07879139484,28.6961993421,0.000898867201762,8.83507370389
local_2026_04651,robust_recommended_optimum,spin_factor_lift,0.54319166135,27.2281216836,0.000885350827566,8.33417467679,29.777035962,0.00096823143872,9.1143642572
local_2026_04651,robust_recommended_optimum,spin_factor_lift,0.56319166135,28.2153925349,0.000951089220304,8.58568912266,30.856728494,0.00104012381923,9.38942379993
local_2026_04651,robust_recommended_optimum,spin_factor_lift,0.58319166135,29.2016213052,0.00101913469888,8.8333386764,31.9352813924,0.0011145392595,9.66025664523
local_2026_04651,robust_recommended_optimum,spin_factor_lift,0.60319166135,30.1868120427,0.00108948263659,9.07712726075,33.0126990843,0.00119147269968,9.92686708306
local_2026_04651,robust_recommended_optimum,spin_factor_lift,0.62319166135,31.1709687701,0.00116212842838,9.31705877746,34.088985969,0.00127091910365,10.1892593804
local_2026_04651,robust_recommended_optimum,spin_factor_lift,0.64319166135,32.1540954854,0.00123706749069,9.55313710752,35.1641464189,0.00135287345876,10.4474377816
local_2026_04651,robust_recommended_optimum,spin_factor_lift,0.66319166135,33.136196162,0.0013142952612,9.78536611135,36.2381847791,0.00143733077559,10.7014065085
local_2026_04651,robust_recommended_optimum,spin_factor_lift,0.68319166135,34.1172747481,0.00139380719862,10.0137496291,37.3111053675,0.00152428608773,10.9511697606
local_2026_04651,robust_recommended_optimum,spin_factor_lift,0.70319166135,35.0973351675,0.00147559878246,10.2382914807,38.3829124754,0.00161373445151,11.1967317155
local_2026_04651,robust_recommended_optimum,spin_factor_lift,0.72319166135,36.0763813196,0.00155966551283,10.4589954662,39.453610367,0.00170567094579,11.4380965291
local_2026_04651,robust_recommended_optimum,spin_factor_lift,0.74319166135,37.054417079,0.00164600291024,10.6758653662,40.5232032797,0.00180009067174,11.6752683357
local_2026_04651,robust_recommended_optimum,spin_factor_lift,0.76319166135,38.0314462961,0.00173460651534,10.8889049415,41.5916954244,0.00189698875256,11.9082512484
local_2026_04651,robust_recommended_optimum,spin_factor_lift,0.78319166135,39.007472797,0.00182547188876,11.0981179339,42.6590909853,0.00199636033329,12.1370493591
local_2026_04651,robust_recommended_optimum,spin_factor_lift,0.80319166135,39.9825003836,0.00191859461084,11.3035080661,43.7253941203,0.00209820058054,12.361666739
local_2026_04651,robust_recommended_optimum,spin_factor_lift,0.82319166135,40.9565328337,0.0020139702815,11.505079042,44.7906089608,0.0022025046823,12.5821074388
local_2026_04651,robust_recommended_optimum,spin_factor_lift,0.84319166135,41.9295739011,0.00211159451993,11.7028345469,45.8547396119,0.00230926784769,12.7983754887
local_2026_04651,robust_recommended_optimum,spin_factor_lift,0.86319166135,42.9016273157,0.00221146296446,11.8967782476,46.9177901528,0.00241848530671,13.0104748989
local_2026_04651,robust_recommended_optimum,spin_factor_lift,0.88319166135,43.8726967834,0.00231357127232,12.0869137929,47.9797646362,0.00253015231007,13.2184096598
local_2026_04651,robust_recommended_optimum,spin_factor_lift,0.90319166135,44.8427859864,0.00241791511945,12.2732448136,49.0406670893,0.00264426412888,13.422183742
local_2026_04651,robust_recommended_optimum,spin_factor_lift,0.92319166135,45.8118985834,0.00252449020024,12.4557749228,50.1005015129,0.00276081605451,13.6218010967
local_2026_04651,robust_recommended_optimum,spin_factor_lift,0.94319166135,46.7800382094,0.00263329222742,12.634507716,51.1592718826,0.00287980339831,13.8172656561
local_2026_04651,robust_recommended_optimum,spin_factor_lift,0.96319166135,47.7472084759,0.00274431693174,12.8094467713,52.2169821477,0.00300122149141,14.0085813334
local_2026_04651,robust_recommended_optimum,spin_factor_lift,0.98319166135,48.7134129709,0.00285756006188,12.9805956498,53.2736362324,0.00312506568447,14.195752023
local_2026_04651,robust_recommended_optimum,spin_factor_lift,1.00319166135,49.6786552592,0.00297301738415,13.1479578958,54.329238035,0.00325133134749,14.3787816008
local_2026_04651,robust_recommended_optimum,spin_factor_lift,1.02319166135,50.6429388824,0.00309068468236,13.3115370368,55.3837914287,0.0033800138696,14.5576739248
local_2026_04651,robust_recommended_optimum,spin_factor_lift,1.04319166135,51.6062673589,0.00321055775758,13.4713365838,56.4373002612,0.00351110865877,14.7324328344
local_2026_04651,robust_recommended_optimum,spin_factor_lift,1.06319166135,52.5686441838,0.00333263242794,13.6273600316,57.489768355,0.00364461114167,14.9030621518
local_2026_04651,robust_recommended_optimum,spin_factor_lift,1.08319166135,53.5300728297,0.00345690452847,13.7796108589,58.5411995075,0.00378051676341,15.0695656812
local_2026_04651,robust_recommended_optimum,spin_factor_lift,1.10319166135,54.4905567458,0.00358336991083,13.9280925286,59.591597491,0.00391882098735,15.2319472097
local_2026_04651,robust_recommended_optimum,spin_factor_lift,1.12319166135,55.4500993588,0.00371202444319,14.0728084879,60.6409660529,0.00405951929482,15.3902105073
local_2026_04651,robust_recommended_optimum,spin_factor_lift,1.14319166135,56.4087040725,0.00384286400998,14.2137621686,61.6893089156,0.00420260718501,15.544359327
local_2026_04651,robust_recommended_optimum,spin_factor_lift,1.16319166135,57.3663742681,0.00397588451171,14.3509569874,62.736629777,0.00434808017467,15.6943974053
local_2026_04651,robust_recommended_optimum,spin_factor_lift,1.18319166135,58.3231133043,0.0041110818648,14.4843963457,63.78293231,0.0044959337979,15.8403284621
local_2026_04651,robust_recommended_optimum,spin_factor_lift,1.20319166135,59.2789245172,0.00424845200134,14.6140836304,64.8282201632,0.00464616360602,15.9821562012
local_2026_04651,robust_recommended_optimum,spin_factor_lift,1.22319166135,60.2338112206,0.00438799086893,14.7400222136,65.8724969604,0.00479876516724,16.1198843106
local_2026_04651,robust_recommended_optimum,spin_factor_lift,1.24319166135,61.1877767059,0.00452969443046,14.862215453,66.9157663013,0.00495373406656,16.2535164621
local_2026_04651,robust_recommended_optimum,spin_factor_lift,1.26319166135,62.1408242422,0.00467355866398,14.9806666922,67.958031761,0.00511106590549,16.3830563125
local_2026_04651,robust_recommended_optimum,spin_factor_lift,1.28319166135,63.0929570767,0.00481957956242,15.0953792607,68.9992968905,0.00527075630186,16.508507503
local_2026_04651,robust_recommended_optimum,spin_factor_lift,1.30319166135,64.0441784341,0.00496775313347,15.2063564744,70.0395652166,0.00543280088962,16.6298736597
local_2026_04651,robust_recommended_optimum,spin_factor_lift,1.32319166135,64.9944915175,0.00511807539936,15.3136016354,71.0788402422,0.00559719531864,16.7471583939
local_2026_04651,robust_recommended_optimum,spin_factor_lift,1.34319166135,65.9438995079,0.0052705423967,15.4171180326,72.117125446,0.00576393525449,16.8603653025
local_2026_04651,robust_recommended_optimum,spin_factor_lift,1.36319166135,66.8924055644,0.00542515017625,15.5169089415,73.154424283,0.00593301637823,16.9694979675
local_2026_04651,robust_recommended_optimum,spin_factor_lift,1.38319166135,67.8400128246,0.00558189480277,15.6129776248,74.1907401844,0.00610443438623,17.0745599572
local_2026_04651,robust_recommended_optimum,spin_factor_lift,1.40319166135,68.7867244041,0.00574077235481,15.7053273325,75.2260765574,0.00627818498995,17.1755548256
local_2026_04651,robust_recommended_optimum,spin_factor_lift,1.42319166135,69.7325433972,0.00590177892456,15.7939613018,76.260436786,0.00645426391575,17.272486113
local_2026_04651,robust_recommended_optimum,spin_factor_lift,1.44319166135,70.6774728764,0.00606491061763,15.8788827576,77.2938242306,0.00663266690467,17.3653573464
local_2026_04651,robust_recommended_optimum,spin_factor_lift,1.46319166135,71.6215158931,0.00623016355289,15.9600949127,78.3262422278,0.00681338971226,17.4541720392
local_2026_04651,robust_recommended_optimum,spin_factor_lift,1.48319166135,72.564675477,0.00639753386228,16.0376009679,79.3576940913,0.00699642810836,17.5389336919
local_2026_04651,robust_recommended_optimum,spin_factor_lift,1.50319166135,73.5069546369,0.00656701769063,16.1114041121,80.3881831112,0.00718177787689,17.6196457919
local_2026_04651,robust_recommended_optimum,spin_factor_lift,1.52319166135,74.44835636,0.00673861119547,16.1815075229,81.4177125547,0.00736943481569,17.6963118142
local_2026_04651,robust_recommended_optimum,spin_factor_lift,1.54319166135,75.3888836127,0.00691231054689,16.2479143662,82.4462856657,0.00755939473632,17.7689352211
local_2026_04651,robust_recommended_optimum,spin_factor_lift,1.56319166135,76.3285393403,0.00708811192732,16.3106277968,83.4739056653,0.00775165346382,17.8375194629
local_2026_04651,robust_recommended_optimum,spin_factor_lift,1.58319166135,77.2673264671,0.00726601153136,16.3696509588,84.5005757514,0.00794620683657,17.9020679777
local_2026_04651,robust_recommended_optimum,spin_factor_lift,1.60319166135,78.2052478964,0.00744600556563,16.424986985,85.5262990993,0.00814305070607,17.9625841919
local_2026_04651,robust_recommended_optimum,spin_factor_lift,1.62319166135,79.142306511,0.00762809024856,16.4766389981,86.5510788616,0.00834218093675,18.0190715203
local_2026_04651,robust_recommended_optimum,spin_factor_lift,1.64319166135,80.0785051728,0.00781226181025,16.5246101101,87.574918168,0.00854359340579,18.0715333662
local_2026_04651,robust_recommended_optimum,spin_factor_lift,1.66319166135,81.0138467232,0.00799851649227,16.5689034228,88.5978201259,0.00874728400293,18.119973122
local_2026_04651,robust_recommended_optimum,spin_factor_lift,1.68319166135,81.9483339828,0.00818685054751,16.6095220281,89.6197878202,0.00895324863026,18.1643941689
local_2026_04651,robust_recommended_optimum,spin_factor_lift,1.70319166135,82.8819697519,0.00837726023997,16.646469008,90.6408243131,0.00916148320206,18.2047998775
local_2026_04651,robust_recommended_optimum,spin_factor_lift,1.72319166135,83.8147568105,0.00856974184464,16.679747435,91.6609326449,0.00937198364461,18.2411936078
local_2026_04651,robust_recommended_optimum,spin_factor_lift,1.74319166135,84.7466979181,0.0087642916473,16.7093603719,92.6801158334,0.00958474589599,18.2735787094
local_2026_04651,robust_recommended_optimum,spin_factor_lift,1.76319166135,85.6777958141,0.00896090594436,16.7353108725,93.6983768746,0.0097997659059,18.301958522
local_2026_04651,robust_recommended_optimum,spin_factor_lift,1.78319166135,86.6080532177,0.00915958104269,16.7576019815,94.715718742,0.0100170396355,18.3263363752
local_2026_04651,robust_recommended_optimum,spin_factor_lift,1.80319166135,87.537472828,0.00936031325945,16.7762367347,95.7321443875,0.0102365630571,18.3467155891
local_2026_04651,robust_recommended_optimum,spin_factor_lift,1.82319166135,88.4660573241,0.00956309892194,16.7912181591,96.7476567411,0.0104583321544,18.3630994741
local_2026_04651,robust_recommended_optimum,spin_factor_lift,1.84319166135,89.3938093653,0.00976793436742,16.8025492734,97.7622587109,0.0106823429215,18.3754913314
local_2026_04651,robust_recommended_optimum,spin_factor_lift,1.86319166135,90.320731591,0.00997481594294,16.8102330879,98.7759531835,0.0109085913637,18.3838944531
local_2026_04651,robust_recommended_optimum,spin_factor_lift,1.88319166135,91.2468266208,0.0101837400052,16.8142726049,99.7887430236,0.0111370734965,18.3883121226
local_2026_04651,robust_recommended_optimum,spin_factor_lift,1.90319166135,92.1720970546,0.0103947029204,16.8146708186,100.800631075,0.011367785346,18.3887476144
local_2026_04651,robust_recommended_optimum,spin_factor_lift,1.92319166135,93.096545473,0.0106077010639,16.8114307157,101.811620159,0.0116007229483,18.3852041947
local_2026_04651,robust_recommended_optimum,spin_factor_lift,1.94319166135,94.0201744368,0.0108227308205,16.8045552749,102.821713076,0.0118358823496,18.3776851213
local_2026_04651,robust_recommended_optimum,spin_factor_lift,1.96319166135,94.9429864873,0.0110397885838,16.7940474681,103.830912606,0.0120732596061,18.3661936441
local_2026_04651,robust_recommended_optimum,spin_factor_lift,1.98319166135,95.8649841468,0.0112588707562,16.7799102597,104.839221508,0.0123128507832,18.3507330049
local_2026_04651,robust_recommended_optimum,spin_factor_lift,2.00319166135,96.7861699181,0.0114799737489,16.762146607,105.846642518,0.0125546519564,18.3313064381
local_2026_04651,robust_recommended_optimum,spin_factor_lift,2.02319166135,97.7065462848,0.0117030939817,16.7407594607,106.853178352,0.0127986592101,18.3079171705
local_2026_04651,robust_recommended_optimum,spin_factor_lift,2.04319166135,98.6261157115,0.0119282278825,16.7157517649,107.858831705,0.0130448686379,18.2805684218
local_2026_04651,robust_recommended_optimum,spin_factor_lift,2.06319166135,99.5448806437,0.0121553718876,16.6871264569,108.863605253,0.0132932763425,18.2492634043
local_2026_04651,robust_recommended_optimum,spin_factor_lift,2.08319166135,100.462843508,0.0123845224414,16.654886468,109.867501649,0.0135438784355,18.2140053237
local_2026_04651,robust_recommended_optimum,spin_factor_lift,2.10319166135,101.380006712,0.0126156759961,16.6190347235,110.870523526,0.0137966710369,18.1747973791
local_2026_04651,robust_recommended_optimum,spin_factor_lift,2.12319166135,102.296372645,0.0128488290118,16.5795741425,111.872673496,0.0140516502753,18.131642763
local_2026_04651,robust_recommended_optimum,spin_factor_lift,2.14319166135,103.211943677,0.013083977956,16.5365076385,112.873954153,0.0143088122878,18.0845446615
local_2026_04651,robust_recommended_optimum,spin_factor_lift,2.16319166135,104.12672216,0.0133211193039,16.4898381194,113.874368066,0.0145681532194,18.0335062548
local_2026_04651,robust_recommended_optimum,spin_factor_lift,2.18319166135,105.040710426,0.0135602495378,16.4395684878,114.873917789,0.0148296692233,17.9785307172
local_2026_04651,robust_recommended_optimum,spin_factor_lift,2.20319166135,105.953910792,0.0138013651474,16.385701641,115.872605853,0.0150933564604,17.9196212172
local_2026_04651,robust_recommended_optimum,spin_factor_lift,2.22319166135,106.866325551,0.0140444626292,16.3282404713,116.870434768,0.0153592110993,17.8567809179
local_2026_04651,robust_recommended_optimum,spin_factor_lift,2.24319166135,107.777956984,0.0142895384867,16.2671878661,117.867407026,0.0156272293162,17.7900129769
local_2026_04651,robust_recommended_optimum,spin_factor_lift,2.26319166135,108.688807349,0.0145365892302,16.2025467082,118.863525098,0.0158974072946,17.719320547
local_2026_04651,robust_recommended_optimum,spin_factor_lift,2.28319166135,109.598878889,0.0147856113764,16.1343198757,119.858791436,0.0161697412253,17.6447067757
local_2026_04651,robust_recommended_optimum,spin_factor_lift,2.30319166135,110.508173827,0.0150366014486,16.0625102426,120.853208472,0.016444227306,17.566174806
local_2026_04651,robust_recommended_optimum,spin_factor_lift,2.32319166135,111.416694368,0.0152895559764,15.9871206786,121.846778618,0.0167208617415,17.4837277762
local_2026_04651,robust_recommended_optimum,spin_factor_lift,2.34319166135,112.324442701,0.0155444714955,15.9081540493,122.839504267,0.0169996407431,17.3973688203
local_2026_04651,robust_recommended_optimum,spin_factor_lift,2.36319166135,113.231420996,0.0158013445477,15.8256132166,123.831387791,0.017280560529,17.3071010681
local_2026_04651,robust_recommended_optimum,spin_factor_lift,2.38319166135,114.137631405,0.0160601716807,15.7395010388,124.822431545,0.0175636173236,17.2129276452
local_2026_04651,robust_recommended_optimum,spin_factor_lift,2.40319166135,115.043076062,0.0163209494478,15.6498203704,125.812637863,0.0178488073577,17.1148516737
local_2026_04651,robust_recommended_optimum,spin_factor_lift,2.42319166135,115.947757086,0.0165836744083,15.5565740629,126.802009061,0.0181361268682,17.0128762718
local_2026_04651,robust_recommended_optimum,spin_factor_lift,2.44319166135,116.851676575,0.0168483431265,15.4597649645,127.790547435,0.0184255720981,16.9070045543
local_2026_04651,robust_recommended_optimum,spin_factor_lift,2.46319166135,117.754836612,0.0171149521724,15.3593959202,128.778255263,0.0187171392962,16.7972396328
local_2026_04651,robust_recommended_optimum,spin_factor_lift,2.48319166135,118.657239263,0.0173834981213,15.2554697726,129.765134802,0.019010824717,16.6835846157
local_2026_04651,robust_recommended_optimum,spin_factor_lift,2.50319166135,119.558886574,0.0176539775532,15.1479893612,130.751188292,0.0193066246207,16.5660426085
local_2026_04651,robust_recommended_optimum,spin_factor_lift,2.52319166135,120.459780578,0.0179263870534,15.0369575232,131.736417955,0.0196045352727,16.4446167139
local_2026_04651,robust_recommended_optimum,spin_factor_lift,2.54319166135,121.359923288,0.0182007232119,14.9223770934,132.720825993,0.0199045529439,16.3193100321
local_2026_04651,robust_recommended_optimum,spin_factor_lift,2.56319166135,122.2593167,0.0184769826235,14.8042509043,133.704414589,0.0202066739102,16.1901256609
local_2026_04651,robust_recommended_optimum,spin_factor_lift,2.58319166135,123.157962795,0.0187551618875,14.6825817866,134.687185909,0.0205108944527,16.0570666957
local_2026_04651,robust_recommended_optimum,spin_factor_lift,2.60319166135,124.055863536,0.0190352576077,14.5573725688,135.669142099,0.0208172108571,15.9201362301
local_2026_04651,robust_recommended_optimum,spin_factor_lift,2.62319166135,124.953020869,0.0193172663923,14.428626078,136.65028529,0.0211256194142,15.7793373557
local_2026_04651,robust_recommended_optimum,spin_factor_lift,2.64319166135,125.849436725,0.0196011848536,14.2963451396,137.63061759,0.021436116419,15.6346731623
local_2026_04651,robust_recommended_optimum,spin_factor_lift,2.66319166135,126.745113016,0.0198870096079,14.1605325774,138.610141094,0.0217486981714,15.4861467382
local_2026_04651,robust_recommended_optimum,spin_factor_lift,2.68319166135,127.640051641,0.0201747372758,14.0211912143,139.588857875,0.0220633609753,15.3337611705
local_2026_04651,robust_recommended_optimum,spin_factor_lift,2.70319166135,128.534254479,0.0204643644815,13.8783238717,140.56676999,0.0223801011389,15.1775195448
local_2026_04651,robust_recommended_optimum,spin_factor_lift,2.72319166135,129.427723395,0.0207558878529,13.7319333705,141.543879478,0.0226989149747,15.0174249458
local_2026_04651,robust_recommended_optimum,spin_factor_lift,2.74319166135,130.320460237,0.0210493040216,13.5820225303,142.520188361,0.0230197987988,14.8534804574
local_2026_04651,robust_recommended_optimum,spin_factor_lift,2.76319166135,131.212466838,0.0213446096229,13.4285941703,143.495698641,0.0233427489314,14.6856891627
local_2026_04651,robust_recommended_optimum,spin_factor_lift,2.78319166135,132.103745013,0.0216418012951,13.2716511094,144.470412307,0.0236677616963,14.5140541441
local_2026_04651,robust_recommended_optimum,spin_factor_lift,2.80319166135,132.994296564,0.02194087568,13.1111961657,145.444331325,0.0239948334208,14.3385784839
local_2026_04651,robust_recommended_optimum,spin_factor_lift,2.82319166135,133.884123274,0.0222418294225,12.9472321573,146.417457649,0.0243239604358,14.1592652639
local_2026_04651,robust_recommended_optimum,spin_factor_lift,2.84319166135,134.773226912,0.0225446591705,12.7797619023,147.389793211,0.0246551390754,13.976117566
local_2026_04651,robust_recommended_optimum,spin_factor_lift,2.86319166135,135.661609232,0.0228493615751,12.6087882189,148.36133993,0.024988365677,13.7891384721
local_2026_04651,robust_recommended_optimum,spin_factor_lift,2.88319166135,136.549271971,0.0231559332898,12.4343139252,149.332099705,0.0253236365811,13.5983310643
local_2026_04651,robust_recommended_optimum,spin_factor_lift,2.90319166135,137.43621685,0.0234643709712,12.2563418401,150.302074421,0.0256609481312,13.4036984253
local_2026_04651,robust_recommended_optimum,spin_factor_lift,2.92319166135,138.322445578,0.0237746712782,12.0748747826,151.271265942,0.0260002966734,13.2052436381
local_2026_04651,robust_recommended_optimum,spin_factor_lift,2.94319166135,139.207959845,0.0240868308724,11.8899155727,152.239676121,0.0263416785569,13.0029697864
local_2026_04651,robust_recommended_optimum,spin_factor_lift,2.96319166135,140.092761327,0.0244008464179,11.7014670308,153.207306788,0.0266850901333,12.796879955
local_2026_04651,robust_recommended_optimum,spin_factor_lift,2.98319166135,140.976851686,0.0247167145807,11.5095319786,154.174159762,0.0270305277567,12.5869772294
local_2026_04651,robust_recommended_optimum,spin_factor_lift,3.00319166135,141.860232568,0.0250344320295,11.3141132385,155.140236841,0.0273779877838,12.3732646965
local_2026_04651,robust_recommended_optimum,spin_factor_lift,3.02319166135,142.742905604,0.0253539954347,11.1152136344,156.105539811,0.0277274665733,12.1557454444
local_2026_04651,robust_recommended_optimum,spin_factor_lift,3.04319166135,143.62487241,0.0256754014688,10.9128359912,157.070070439,0.0280789604864,11.9344225626
local_2026_04651,robust_recommended_optimum,spin_factor_lift,3.06319166135,144.506134588,0.0259986468063,10.7069831356,158.033830476,0.0284324658861,11.7092991421
local_2026_04651,robust_recommended_optimum,spin_factor_lift,3.08319166135,145.386693724,0.0263237281234,10.4976578956,158.996821658,0.0287879791375,11.480378276
local_2026_04651,robust_recommended_optimum,spin_factor_lift,3.10319166135,146.266551392,0.026650642098,10.284863101,159.959045705,0.0291454966076,11.2476630588
local_2026_04651,robust_recommended_optimum,spin_factor_lift,3.12319166135,147.145709149,0.0269793854097,10.0686015835,160.920504319,0.029505014665,11.0111565874
local_2026_04651,robust_recommended_optimum,spin_factor_lift,3.14319166135,148.024168539,0.0273099547394,9.84887617681,161.881199189,0.02986652968,10.7708619606
local_2026_04651,robust_recommended_optimum,spin_factor_lift,3.16319166135,148.90193109,0.0276423467697,9.62568971654,162.841131988,0.0302300380247,10.5267822797
local_2026_04651,robust_recommended_optimum,spin_factor_lift,3.18319166135,149.778998317,0.0279765581844,9.39904504067,163.800304372,0.0305955360722,10.2789206482
local_2026_04651,robust_recommended_optimum,spin_factor_lift,3.20319166135,150.655371722,0.0283125856684,9.16894498952,164.758717982,0.0309630201973,10.0272801723
local_2026_04651,robust_recommended_optimum,spin_factor_lift,3.22319166135,151.531052792,0.0286504259079,8.93539240583,165.716374444,0.0313324867759,9.77186396089
local_2026_04651,robust_recommended_optimum,spin_factor_lift,3.24319166135,152.406042998,0.0289900755901,8.69839013498,166.673275369,0.0317039321852,9.51267512574
local_2026_04651,robust_recommended_optimum,spin_factor_lift,3.26319166135,153.2803438,0.0293315314032,8.45794102502,167.629422353,0.0320773528032,9.24971678151
local_2026_04651,robust_recommended_optimum,spin_factor_lift,3.28319166135,154.153956643,0.0296747900363,8.21404792685,168.584816976,0.0324527450091,8.98299204599
local_2026_04651,robust_recommended_optimum,spin_factor_lift,3.30319166135,155.026882959,0.0300198481793,7.96671369432,169.539460804,0.032830105183,8.71250404016
local_2026_04651,robust_recommended_optimum,spin_factor_lift,3.32319166135,155.899124165,0.0303667025227,7.71594118435,170.493355386,0.0332094297055,8.4382558884
local_2026_04651,robust_recommended_optimum,spin_factor_lift,3.34319166135,156.770681666,0.0307153497577,7.46173325702,171.44650226,0.0335907149581,8.16025071852
local_2026_04651,robust_recommended_optimum,spin_factor_lift,3.36319166135,157.641556854,0.0310657865761,7.20409277572,172.398902946,0.033973957323,7.87849166199
local_2026_04651,robust_recommended_optimum,spin_factor_lift,3.38319166135,158.511751104,0.0314180096702,6.94302260725,173.350558951,0.0343591531826,7.59298185395
local_2026_04651,robust_recommended_optimum,spin_factor_lift,3.40319166135,159.381265783,0.0317720157325,6.67852562192,174.301471767,0.03474629892,7.30372443342
local_2026_04651,robust_recommended_optimum,spin_factor_lift,3.42319166135,160.250102242,0.032127801456,6.41060469368,175.251642872,0.0351353909186,7.01072254339
local_2026_04651,robust_recommended_optimum,spin_factor_lift,3.44319166135,161.118261818,0.0324853635338,6.1392627002,176.201073729,0.0355264255619,6.71397933093
local_2026_04651,robust_recommended_optimum,spin_factor_lift,3.46319166135,161.985745837,0.0328446986594,5.86450252303,177.149765788,0.0359193992338,6.41349794732
local_2026_04651,robust_recommended_optimum,spin_factor_lift,3.48319166135,162.852555611,0.033205803526,5.58632704764,178.097720485,0.036314308318,6.10928154817
local_2026_04651,robust_recommended_optimum,spin_factor_lift,3.50319166135,163.718692441,0.0335686748271,5.30473916358,179.04493924,0.0367111491985,5.80133329351
local_2026_04651,robust_recommended_optimum,spin_factor_lift,3.52319166135,164.584157612,0.0339333092562,5.01974176456,179.99142346,0.0371099182592,5.48965634794
local_2026_04651,robust_recommended_optimum,spin_factor_lift,3.54319166135,165.4489524,0.0342997035063,4.73133774854,180.937174541,0.0375106118836,5.17425388073
local_2026_04651,robust_recommended_optimum,spin_factor_lift,3.56319166135,166.313078066,0.0346678542706,4.43953001787,181.882193861,0.0379132264552,4.85512906591
local_2026_04651,robust_recommended_optimum,spin_factor_lift,3.58319166135,167.17653586,0.0350377582418,4.14432147935,182.826482787,0.0383177583572,4.5322850824
local_2026_04651,robust_recommended_optimum,spin_factor_lift,3.60319166135,168.039327019,0.0354094121123,3.84571504435,183.770042672,0.0387242039724,4.20572511412
local_2026_04651,robust_recommended_optimum,spin_factor_lift,3.62319166135,168.901452767,0.0357828125742,3.54371362892,184.712874855,0.039132559683,3.87545235009
local_2026_04651,robust_recommended_optimum,spin_factor_lift,3.64319166135,169.762914318,0.0361579563188,3.23832015385,185.654980663,0.039542821871,3.54146998452
local_2026_04651,robust_recommended_optimum,spin_factor_lift,3.66319166135,170.623712872,0.0365348400374,2.92953754478,186.596361409,0.0399549869175,3.20378121696
local_2026_04651,robust_recommended_optimum,spin_factor_lift,3.68319166135,171.483849618,0.0369134604202,2.61736873234,187.537018392,0.0403690512032,2.86238925234
local_2026_04651,robust_recommended_optimum,spin_factor_lift,3.70319166135,172.343325732,0.037293814157,2.30181665214,188.476952901,0.0407850111078,2.51729730112
local_2026_04651,robust_recommended_optimum,spin_factor_lift,3.72319166135,173.20214238,0.0376758979368,1.98288424499,189.416166208,0.0412028630105,2.16850857938
local_2026_04651,robust_recommended_optimum,spin_factor_lift,3.74319166135,174.060300715,0.0380597084479,1.66057445686,190.354659575,0.0416226032895,1.8160263089
local_2026_04651,robust_recommended_optimum,spin_factor_lift,3.76319166135,174.917801879,0.0384452423776,1.33489023907,191.292434251,0.0420442283219,1.45985371727
local_2026_04651,robust_recommended_optimum,spin_factor_lift,3.78319166135,175.774647001,0.0388324964124,1.00583454834,192.229491471,0.0424677344843,1.09999403799
local_2026_04651,robust_recommended_optimum,spin_factor_lift,3.80319166135,176.630837201,0.0392214672379,0.673410346843,193.16583246,0.0428931181517,0.736450510546
local_2026_04651,robust_recommended_optimum,spin_factor_lift,3.82319166135,177.486373586,0.0396121515386,0.337620602352,194.101458427,0.0433203756983,0.369226380525
local_2026_04651,robust_recommended_optimum,spin_factor_lift,3.84310177877,178.337416753,0.040002778706,1.05471187339e-15,195.032170553,0.0437475707633,1.15344693066e-15
