sample_id,target_group,model,time_s,x_m,y_m,z_m,x_yd,y_yd,z_yd
683,100yd,constant_lift,0,0,0,0.01,0,0,0.0109361329834
683,100yd,constant_lift,0.0005179869196,0.0176301758778,-0.00149910119822,0.0166288625943,0.019280594792,-0.00163943700593,0.0181855452694
683,100yd,constant_lift,0.0056978561156,0.193812869967,-0.0164865655758,0.0828003195995,0.211956331984,-0.0180299273576,0.0905515306206
683,100yd,constant_lift,0.0256978561156,0.872050848167,-0.0742943522085,0.33629569418,0.953686404382,-0.0812492915665,0.367777443329
683,100yd,constant_lift,0.0456978561156,1.54710652153,-0.13200685487,0.586614798813,1.69193626589,-0.144364451957,0.641529744983
683,100yd,constant_lift,0.0656978561156,2.21901744627,-0.189624814684,0.83375744762,2.42674698848,-0.207376219034,0.911808232305
683,100yd,constant_lift,0.0856978561156,2.88782064439,-0.247148972046,1.0777235438,3.15815905991,-0.2702854025,1.17861279943
683,100yd,constant_lift,0.105697856116,3.55355261225,-0.304580066422,1.31851307683,3.8862123931,-0.333092811047,1.44194343485
683,100yd,constant_lift,0.125697856116,4.21624932896,-0.361918836169,1.55612611978,4.61094633526,-0.395799252153,1.70180021849
683,100yd,constant_lift,0.145697856116,4.87594626452,-0.419166018357,1.79056282673,5.33239967686,-0.458405531886,1.95818331883
683,100yd,constant_lift,0.165697856116,5.53267838788,-0.476322348595,2.02182343024,6.05061066041,-0.520912454719,2.2110929902
683,100yd,constant_lift,0.185697856116,6.18648017483,-0.533388560874,2.24990823895,6.76561698909,-0.583320823353,2.46052957015
683,100yd,constant_lift,0.205697856116,6.83738561571,-0.590365387401,2.47481763526,7.47745583521,-0.645631438541,2.70649347688
683,100yd,constant_lift,0.225697856116,7.485428223,-0.647253558459,2.6965520731,8.18616384842,-0.707845098927,2.9489852068
683,100yd,constant_lift,0.245697856116,8.1306410387,-0.704053802254,2.91511207575,8.89177716393,-0.76996260089,3.18800533218
683,100yd,constant_lift,0.265697856116,8.77305664164,-0.760766844781,3.13049823379,9.59433141037,-0.831984738387,3.42355449889
683,100yd,constant_lift,0.285697856116,9.41270715464,-0.817393409695,3.34271120309,10.2938617177,-0.893912302816,3.6556334242
683,100yd,constant_lift,0.305697856116,10.0496242515,-0.873934218176,3.55175170291,10.9904027247,-0.95574608287,3.88424289469
683,100yd,constant_lift,0.325697856116,10.6838391637,-0.930389988818,3.75762051402,11.6839885867,-1.01748686441,4.10938376424
683,100yd,constant_lift,0.345697856116,11.3153826876,-0.986761437506,3.96031847698,12.3746529829,-1.07913543034,4.33105695207
683,100yd,constant_lift,0.365697856116,11.9442851904,-1.04304927731,4.15984649038,13.0624291233,-1.14069256049,4.54926344093
683,100yd,constant_lift,0.385697856116,12.5705766172,-1.09925421837,4.35620550928,13.7473497564,-1.20215903146,4.76400427524
683,100yd,constant_lift,0.405697856116,13.1942864971,-1.15537696781,4.54939654356,14.4294471753,-1.26353561659,4.97528055945
683,100yd,constant_lift,0.425697856116,13.8154439495,-1.21141822965,4.73942065649,15.1087532256,-1.32482308579,5.18309345636
683,100yd,constant_lift,0.445697856116,14.43407769,-1.26737870465,4.92627896327,15.7852993111,-1.38602220544,5.38744418555
683,100yd,constant_lift,0.465697856116,15.050216037,-1.32325909034,5.10997262963,16.4591164009,-1.44713373834,5.58833402191
683,100yd,constant_lift,0.485697856116,15.6638869169,-1.3790600808,5.29050287057,17.130235036,-1.50815844357,5.78576429414
683,100yd,constant_lift,0.505697856116,16.2751178704,-1.43478236671,5.46787094903,17.7986853351,-1.56909707645,5.97973638345
683,100yd,constant_lift,0.525697856116,16.8839360582,-1.49042663517,5.64207817477,18.4644970015,-1.62995038842,6.17025172219
683,100yd,constant_lift,0.545697856116,17.490368266,-1.5459935697,5.81312590318,19.1276993286,-1.69071912697,6.35731179262
683,100yd,constant_lift,0.565697856116,18.0944409109,-1.60148385013,5.98101553417,19.7883212062,-1.75140403558,6.54091812574
683,100yd,constant_lift,0.585697856116,18.6961800461,-1.65689815258,6.14574851121,20.4463911266,-1.81200585365,6.7210723001
683,100yd,constant_lift,0.605697856116,19.2956113664,-1.71223714934,6.30732632025,21.1019371899,-1.87252531642,6.89777594078
683,100yd,constant_lift,0.625697856116,19.8927602136,-1.76750150886,6.46575048886,21.7549871102,-1.93296315492,7.07103071835
683,100yd,constant_lift,0.645697856116,20.4876515812,-1.82269189569,6.62102258531,22.4055682209,-1.9933200959,7.24083834789
683,100yd,constant_lift,0.665697856116,21.08031012,-1.87780897041,6.77314421771,23.0537074804,-2.05359686178,7.40720058805
683,100yd,constant_lift,0.685697856116,21.6707601426,-1.93285338961,6.92211703328,23.6994314771,-2.11379417061,7.57011924024
683,100yd,constant_lift,0.705697856116,22.2590256284,-1.98782580581,7.06794271752,24.3427664352,-2.17391273601,7.72959614776
683,100yd,constant_lift,0.725697856116,22.8451302283,-2.04272686745,7.21062299357,24.9837382199,-2.23395326712,7.88563319507
683,100yd,constant_lift,0.745697856116,23.4290972696,-2.09755721885,7.35015962154,25.6223723421,-2.29391646856,8.03823230702
683,100yd,constant_lift,0.765697856116,24.0109497605,-2.15231750016,7.48655439784,26.2586939638,-2.35380304042,8.1873954482
683,100yd,constant_lift,0.785697856116,24.5907103946,-2.20700834732,7.61980915466,26.8927279031,-2.41361367817,8.33312462233
683,100yd,constant_lift,0.805697856116,25.1684015555,-2.26163039206,7.7499257594,27.524498639,-2.47334907268,8.47542187161
683,100yd,constant_lift,0.825697856116,25.7440453209,-2.31618426184,7.87690611417,28.154030316,-2.53300991015,8.61428927622
683,100yd,constant_lift,0.845697856116,26.3176634675,-2.37067057986,8.00075215534,28.7813467492,-2.59259687211,8.74972895378
683,100yd,constant_lift,0.865697856116,26.8892774745,-2.42508996498,8.12146585308,29.4064714288,-2.65211063537,8.88174305893
683,100yd,constant_lift,0.885697856116,27.4589085286,-2.47944303178,8.23904921101,30.0294275247,-2.71155187203,9.01033378282
683,100yd,constant_lift,0.905697856116,28.0265775274,-2.53373039047,8.35350426581,30.6502378909,-2.77092124942,9.13550335281
683,100yd,constant_lift,0.925697856116,28.592305084,-2.5879526469,8.46483308691,31.26892507,-2.83021943012,9.25725403205
683,100yd,constant_lift,0.945697856116,29.1561115306,-2.64211040255,8.57303777617,31.8855112977,-2.88944707191,9.37558811917
683,100yd,constant_lift,0.965697856116,29.7180169229,-2.69620425453,8.67812046768,32.5000185071,-2.94860482779,9.49050794804
683,100yd,constant_lift,0.985697856116,30.2780410433,-2.75023479554,8.78008332747,33.1124683326,-3.00769334595,9.60201588744
683,100yd,constant_lift,1.00569785612,30.8362034055,-2.80420261387,8.87892855334,33.7228821145,-3.06671326976,9.71011434093
683,100yd,constant_lift,1.02569785612,31.3925232577,-2.85810829343,8.97465837468,34.331280903,-3.12566523778,9.81480574659
683,100yd,constant_lift,1.04569785612,31.9470195867,-2.91195241368,9.06727505233,34.9376854622,-3.18454988373,9.91609257691
683,100yd,constant_lift,1.06569785612,32.499711121,-2.96573554969,9.15678087847,35.542116274,-3.2433678365,10.0139773387
683,100yd,constant_lift,1.08569785612,33.050616335,-3.01945827212,9.24317817652,36.1445935422,-3.30211972016,10.1084625727
683,100yd,constant_lift,1.10569785612,33.5997534523,-3.07312114718,9.32646930109,36.7451371963,-3.36080615396,10.1995508542
683,100yd,constant_lift,1.12569785612,34.1471404493,-3.12672473671,9.40665663794,37.3437668956,-3.41942775231,10.2872447922
683,100yd,constant_lift,1.14569785612,34.6927950584,-3.18026959812,9.48374260396,37.9405020323,-3.4779851248,10.3715470297
683,100yd,constant_lift,1.16569785612,35.2367347715,-3.23375628441,9.55772964718,38.5353617362,-3.53647887622,10.4524602441
683,100yd,constant_lift,1.18569785612,35.7789768438,-3.28718534422,9.6286202468,39.1283648773,-3.59490960653,10.5299871465
683,100yd,constant_lift,1.20569785612,36.3195382964,-3.34055732176,9.69641691328,39.7195300704,-3.65327791094,10.6041304826
683,100yd,constant_lift,1.22569785612,36.85843592,-3.39387275691,9.76112218834,40.3088756781,-3.71158437983,10.6748930319
683,100yd,constant_lift,1.24569785612,37.3956862782,-3.44713218517,9.82273864515,40.8964198144,-3.76982959883,10.7422776084
683,100yd,constant_lift,1.26569785612,37.9313057105,-3.50033613768,9.88126888835,41.4821803483,-3.82801414881,10.8062870608
683,100yd,constant_lift,1.28569785612,38.4653103352,-3.55348514126,9.93671555427,42.0661749072,-3.88613860592,10.866924272
683,100yd,constant_lift,1.30569785612,38.9977160531,-3.60657971841,9.98908131103,42.6484208805,-3.94420354156,10.9241921599
683,100yd,constant_lift,1.32569785612,39.5285385502,-3.65962038733,10.0383688587,43.2289354223,-4.00220952245,10.9780936775
683,100yd,constant_lift,1.34569785612,40.0577933007,-3.71260766195,10.0845809296,43.8077354557,-4.06015711062,11.0286318128
683,100yd,constant_lift,1.36569785612,40.5854955701,-3.76554205192,10.1277202882,44.384837675,-4.11804686343,11.0758095891
683,100yd,constant_lift,1.38569785612,41.1116604181,-3.81842406266,10.1677897319,44.96025855,-4.17587933361,11.1196300655
683,100yd,constant_lift,1.40569785612,41.6363027016,-3.87125419537,10.2047920906,45.5340143281,-4.2336550693,11.160096337
683,100yd,constant_lift,1.42569785612,42.1594370776,-3.92403294706,10.2387302273,46.1061210385,-4.29137461402,11.1972115347
683,100yd,constant_lift,1.44569785612,42.6810780058,-3.97676081057,10.2696070386,46.6765944945,-4.34903850674,11.2309788261
683,100yd,constant_lift,1.46569785612,43.2012397517,-4.02943827459,10.2974254542,47.2454502971,-4.40664728192,11.2614014154
683,100yd,constant_lift,1.48569785612,43.7199363893,-4.0820658237,10.3221884383,47.8127038379,-4.46420146948,11.288482544
683,100yd,constant_lift,1.50569785612,44.2371818039,-4.13464393838,10.3438989887,48.3783703017,-4.52170159491,11.3122254907
683,100yd,constant_lift,1.52569785612,44.7529896946,-4.18717309507,10.3625601379,48.9424646704,-4.57914817921,11.3326335717
683,100yd,constant_lift,1.54569785612,45.2673735773,-4.23965376616,10.3781749534,49.505001725,-4.63654173902,11.3497101415
683,100yd,constant_lift,1.56569785612,45.7803467873,-4.29208642004,10.3907465376,50.0659960491,-4.69388278658,11.3634585931
683,100yd,constant_lift,1.58569785612,46.2919224815,-4.34447152115,10.4002780282,50.6254620314,-4.75117182978,11.3738823581
683,100yd,constant_lift,1.60569785612,46.8021136418,-4.39680952996,10.4067725991,51.183413869,-4.80840937222,11.3809849071
683,100yd,constant_lift,1.62569785612,47.3109330771,-4.44910090306,10.41023346,51.7398655699,-4.86559591323,11.3847697506
683,100yd,constant_lift,1.64569785612,47.8183934259,-4.50134609318,10.4106638573,52.2948309557,-4.92273194792,11.3852404389
683,100yd,constant_lift,1.66569785612,48.3245071591,-4.55354554918,10.4080670742,52.8483236648,-4.97981796717,11.3824005623
683,100yd,constant_lift,1.68569785612,48.8292865821,-4.60569971615,10.4024464311,53.4003571545,-5.03685445773,11.3762537523
683,100yd,constant_lift,1.70569785612,49.3327438377,-4.65780903541,10.393805286,53.9509447044,-5.09384190224,11.3668036812
683,100yd,constant_lift,1.72569785612,49.8348909084,-4.70987394455,10.3821470351,54.5000994186,-5.15078077925,11.3540540629
683,100yd,constant_lift,1.74569785612,50.3357396186,-4.76189487747,10.3674751126,55.0478342286,-5.20767156329,11.3380086533
683,100yd,constant_lift,1.76569785612,50.8353016374,-4.81387226442,10.3497929917,55.5941618956,-5.26451472487,11.3186712507
683,100yd,constant_lift,1.78569785612,51.3335884805,-4.86580653205,10.3291041846,56.1390950136,-5.32131073059,11.2960456961
683,100yd,constant_lift,1.80569785612,51.830611513,-4.91769810342,10.3054122431,56.6826460116,-5.37806004311,11.2701358739
683,100yd,constant_lift,1.82569785612,52.3263819516,-4.96954739807,10.2787207589,57.2248271561,-5.43476312125,11.2409457118
683,100yd,constant_lift,1.84569785612,52.8209108666,-5.02135483205,10.2490333639,57.7656505541,-5.49142042,11.2084791819
683,100yd,constant_lift,1.86569785612,53.3142091848,-5.07312081794,10.2163537309,58.3051281549,-5.54803239057,11.1727403006
683,100yd,constant_lift,1.88569785612,53.8062876912,-5.12484576494,10.1806855735,58.8432717533,-5.60459948047,11.1337331293
683,100yd,constant_lift,1.90569785612,54.2971570314,-5.17653007887,10.1420326469,59.3800929915,-5.6611221335,11.0914617748
683,100yd,constant_lift,1.92569785612,54.786827714,-5.22817416223,10.1003987482,59.9156033618,-5.71760078984,11.0459303896
683,100yd,constant_lift,1.94569785612,55.2753101126,-5.27977841423,10.0557877167,60.4498142089,-5.77403588607,10.9971431723
683,100yd,constant_lift,1.96569785612,55.7626144682,-5.33134323084,10.0082034343,60.9827367325,-5.83042785525,10.9451043682
683,100yd,constant_lift,1.98569785612,56.248750891,-5.38286900486,9.95764982584,61.5143819893,-5.88677712693,10.8898182697
683,100yd,constant_lift,2.00569785612,56.7337293629,-5.43435612592,9.90413085959,62.0447608956,-5.94308412721,10.8312892165
683,100yd,constant_lift,2.02569785612,57.2175597395,-5.48580498056,9.84765054757,62.5738842295,-5.99934927882,10.7695215962
683,100yd,constant_lift,2.04569785612,57.7002517519,-5.53721595223,9.78821294589,63.1017626333,-6.05557300112,10.7045198446
683,100yd,constant_lift,2.06569785612,58.1818150095,-5.58858942139,9.72582215515,63.6284066158,-6.11175571018,10.6362884461
683,100yd,constant_lift,2.08569785612,58.6622590011,-5.63992576553,9.66048232076,64.1538265542,-6.16789781883,10.5648319343
683,100yd,constant_lift,2.10569785612,59.1415930979,-5.69122535921,9.59219763331,64.6780326968,-6.22399973667,10.4901548921
683,100yd,constant_lift,2.12569785612,59.6198265548,-5.74248857411,9.52097232891,65.201035165,-6.2800618702,10.412261952
683,100yd,constant_lift,2.14569785612,60.0969685127,-5.79371577907,9.44681068956,65.7228439553,-6.33608462278,10.331157797
683,100yd,constant_lift,2.16569785612,60.5730280004,-5.84490734015,9.36971704341,66.2434689419,-6.39206839474,10.2468471603
683,100yd,constant_lift,2.18569785612,61.0480139368,-5.89606362066,9.28969576516,66.7629198784,-6.4480135834,10.1593348263
683,100yd,constant_lift,2.20569785612,61.5219351323,-5.94718498124,9.2067512763,67.2812064002,-6.50392058316,10.0686256302
683,100yd,constant_lift,2.22569785612,61.9948002914,-5.99827177984,9.12088804548,67.7983380265,-6.55978978548,9.97472445919
683,100yd,constant_lift,2.24569785612,62.4666180141,-6.04932437185,9.03211058878,68.3143241624,-6.61562157901,9.87763625195
683,100yd,constant_lift,2.26569785612,62.9373967979,-6.10034311006,8.94042347001,68.829174101,-6.67141634959,9.77736599957
683,100yd,constant_lift,2.28569785612,63.4071450399,-6.15132834479,8.84583130094,69.3428970253,-6.72717448031,9.67391874556
683,100yd,constant_lift,2.30569785612,63.8758710382,-6.20228042387,8.74833874166,69.8555020103,-6.78289635156,9.56729958624
683,100yd,constant_lift,2.32569785612,64.3435829942,-6.25319969271,8.64795050075,70.3669980251,-6.83858234111,9.45751367099
683,100yd,constant_lift,2.34569785612,64.810289014,-6.30408649437,8.5446713356,70.8773939348,-6.89423282411,9.34456620253
683,100yd,constant_lift,2.36569785612,65.2759971106,-6.35494116956,8.43850605258,71.3866985024,-6.94984817318,9.2284624372
683,100yd,constant_lift,2.38569785612,65.7407152053,-6.40576405672,8.32945950733,71.8949203907,-7.00542875844,9.10920768518
683,100yd,constant_lift,2.40569785612,66.2044511294,-6.45655549206,8.21753660494,72.4020681643,-7.06097494757,8.98680731074
683,100yd,constant_lift,2.42569785612,66.6672126266,-6.5073158096,8.10274230017,72.9081502916,-7.11648710586,8.86126673247
683,100yd,constant_lift,2.44569785612,67.1290073538,-6.5580453412,7.98508159764,73.4131751463,-7.17196559623,8.73259142349
683,100yd,constant_lift,2.46569785612,67.5898428834,-6.60874441664,7.86455955199,73.9171510099,-7.22741077935,8.60078691162
683,100yd,constant_lift,2.48569785612,68.0497267047,-6.65941336364,7.74118126808,74.4200860726,-7.2828230136,8.46585877962
683,100yd,constant_lift,2.50569785612,68.5086662258,-6.71005250791,7.61495190115,74.921988436,-7.3382026552,8.3278126653
683,100yd,constant_lift,2.52569785612,68.966668775,-6.7606621732,7.48587665693,75.4228661143,-7.39355005818,8.18665426174
683,100yd,constant_lift,2.54569785612,69.4237416022,-6.81124268134,7.35396079181,75.9227270366,-7.44886557451,8.04238931738
683,100yd,constant_lift,2.56569785612,69.8798918814,-6.86179435226,7.21920961291,76.4215790479,-7.5041495541,7.89502363617
683,100yd,constant_lift,2.58569785612,70.335126711,-6.9123175041,7.08162847826,76.9194299114,-7.55940234482,7.74456307771
683,100yd,constant_lift,2.60569785612,70.7894531164,-6.96281245318,6.94122279682,77.4162873102,-7.61462429263,7.59101355733
683,100yd,constant_lift,2.62569785612,71.2428780511,-7.01327951407,6.79799802861,77.9121588485,-7.66981574155,7.43438104616
683,100yd,constant_lift,2.64569785612,71.6954083981,-7.06371899966,6.65195968475,78.4070520539,-7.72497703375,7.27467157125
683,100yd,constant_lift,2.66569785612,72.1470509717,-7.11413122115,6.50311332752,78.9009743785,-7.78010850957,7.11189121557
683,100yd,constant_lift,2.68569785612,72.5978125187,-7.16451648814,6.35146457041,79.3939332007,-7.83521050759,6.94604611812
683,100yd,constant_lift,2.70569785612,73.0476997201,-7.21487510864,6.19701907814,79.8859358268,-7.89028336465,6.77714247391
683,100yd,constant_lift,2.72569785612,73.4967191923,-7.26520738911,6.03978256668,80.3769894929,-7.94532741591,6.60518653399
683,100yd,constant_lift,2.74569785612,73.9448774887,-7.31551363454,5.87976080323,80.8671013655,-8.0003429949,6.43018460546
683,100yd,constant_lift,2.76569785612,74.3921811009,-7.36579414844,5.71695960625,81.3562785443,-8.05533043355,6.25214305145
683,100yd,constant_lift,2.78569785612,74.8386364605,-7.41604923289,5.55138484537,81.8445280626,-8.11029006222,6.07106829108
683,100yd,constant_lift,2.80569785612,75.2842499397,-7.46627918863,5.3830424414,82.3318568894,-8.16522220978,5.88696679943
683,100yd,constant_lift,2.82569785612,75.7290278535,-7.51648431501,5.21193836628,82.8182719307,-8.22012720364,5.69984510748
683,100yd,constant_lift,2.84569785612,76.1729764602,-7.5666649101,5.03807864297,83.3037800309,-8.27500536975,5.50970980202
683,100yd,constant_lift,2.86569785612,76.6161019635,-7.61682127069,4.8614693454,83.7883879741,-8.32985703269,5.3165675256
683,100yd,constant_lift,2.88569785612,77.058410513,-7.66695369237,4.68211659839,84.2721024858,-8.38468251571,5.12042497637
683,100yd,constant_lift,2.90569785612,77.4999082061,-7.71706246949,4.5000265775,84.7549302342,-8.43948214073,4.92128890803
683,100yd,constant_lift,2.92569785612,77.9406010887,-7.76714789526,4.31520550894,85.236877831,-8.49425622842,4.71916612964
683,100yd,constant_lift,2.94569785612,78.3804951568,-7.81721026179,4.12765966944,85.7179518337,-8.54900509819,4.51406350552
683,100yd,constant_lift,2.96569785612,78.8195963574,-7.86724986005,3.9373953861,86.1981587461,-8.6037290683,4.30598795505
683,100yd,constant_lift,2.98569785612,79.2579105901,-7.91726698,3.74441903619,86.6775050198,-8.65842845582,4.09494645253
683,100yd,constant_lift,3.00569785612,79.6954437076,-7.96726191055,3.54873704706,87.1559970556,-8.71310357671,3.88094602697
683,100yd,constant_lift,3.02569785612,80.1322015175,-8.01723493962,3.35035589589,87.6336412047,-8.76775474586,3.6639937619
683,100yd,constant_lift,3.04569785612,80.568189783,-8.06718635418,3.14928210949,88.1104437697,-8.8223822771,3.44409679516
683,100yd,constant_lift,3.06569785612,81.0034142241,-8.11711644027,2.94552226415,88.5864110062,-8.87698648323,3.22126231863
683,100yd,constant_lift,3.08569785612,81.4378805186,-8.16702548303,2.73908298536,89.0615491236,-8.9315676761,2.99549757804
683,100yd,constant_lift,3.10569785612,81.8715943032,-8.21691376674,2.5299709476,89.5358642861,-8.9861261666,2.76680987271
683,100yd,constant_lift,3.12569785612,82.3045611748,-8.26678157482,2.3181928741,90.0093626146,-9.04066226468,2.53520655522
683,100yd,constant_lift,3.14569785612,82.736786691,-8.31662918992,2.10375553654,90.482050187,-9.09517627944,2.30069503121
683,100yd,constant_lift,3.16569785612,83.1682763713,-8.36645689387,1.88666575486,90.9539330395,-9.14966851911,2.06328275903
683,100yd,constant_lift,3.18569785612,83.5990356983,-8.41626496777,1.6669303969,91.4250171679,-9.20413929109,1.82297724945
683,100yd,constant_lift,3.20569785612,84.0290701184,-8.46605369198,1.44455637815,91.8953085285,-9.25858890199,1.57978606534
683,100yd,constant_lift,3.22569785612,84.4583850428,-8.51582334616,1.21955066143,92.3648130389,-9.31301765765,1.33371682134
683,100yd,constant_lift,3.24569785612,84.8869858483,-8.5655742093,0.991920256603,92.8335365795,-9.36742586319,1.08477718351
683,100yd,constant_lift,3.26569785612,85.3148778784,-8.61530655974,0.761672220206,93.3014849939,-9.42181382299,0.832974868992
683,100yd,constant_lift,3.28569785612,85.742066444,-8.66502067519,0.528813655149,93.7686640902,-9.47618184075,0.578317645613
683,100yd,constant_lift,3.30569785612,86.1685568244,-8.71471683274,0.293351710355,94.2350796417,-9.53053021953,0.320813331535
683,100yd,constant_lift,3.32569785612,86.5943542679,-8.76439530893,0.0552935804102,94.7007373883,-9.58485926174,0.0604697948493
683,100yd,constant_lift,3.3303123375,86.6924981559,-8.77585484788,-1.01307850997e-14,94.8080688494,-9.59739156593,-1.10791613076e-14
713,150yd,constant_lift,0,0,0,0.01,0,0,0.0109361329834
713,150yd,constant_lift,0.000372790497571,0.0177605263584,0.00233195037761,0.0137584394035,0.019423147811,0.00255025194401,0.0150464122961
713,150yd,constant_lift,0.00410069547328,0.195259651121,0.0256418563746,0.0513104279629,0.213538551094,0.0280422751253,0.0561137663636
713,150yd,constant_lift,0.0241006954733,1.14425343213,0.150401422357,0.251763220749,1.25137077005,0.164480995579,0.275331606244
713,150yd,constant_lift,0.0441006954733,2.08776768122,0.274664297478,0.450494135775,2.28321050002,0.300376528301,0.492666377707
713,150yd,constant_lift,0.0641006954733,3.025867696,0.39843536494,0.647480727427,3.30912915135,0.435734213626,0.708093533932
713,150yd,constant_lift,0.0841006954733,3.95861780093,0.521719454885,0.842701122424,4.32919707014,0.570559333863,0.921589154007
713,150yd,constant_lift,0.104100695473,4.88608136498,0.644521344934,1.0361340047,5.3434835575,0.704857113882,1.1331299264
713,150yd,constant_lift,0.124100695473,5.80832081878,0.766845760724,1.22775860074,6.35205688843,0.838632721701,1.34269313292
713,150yd,constant_lift,0.144100695473,6.72539767151,0.888697376438,1.41755466538,7.35498433017,0.97189126907,1.55025663318
713,150yd,constant_lift,0.164100695473,7.63737252737,1.01008081534,1.60550246797,8.3523321603,1.10463781205,1.75579884948
713,150yd,constant_lift,0.184100695473,8.54430510166,1.1310006503,1.79158277903,9.34416568423,1.2368773516,1.95929875222
713,150yd,constant_lift,0.204100695473,9.44625423653,1.25146140432,1.97577685726,10.3305492526,1.36861483412,2.16073584564
713,150yd,constant_lift,0.224100695473,10.3432779164,1.37146755105,2.1580664369,11.3115462778,1.49985515206,2.36009015409
713,150yd,constant_lift,0.244100695473,11.235433283,1.49102351531,2.33843371556,12.2872192508,1.63060314448,2.55734220862
713,150yd,constant_lift,0.264100695473,12.12277665,1.61013367363,2.51686134231,13.2576297573,1.76086359758,2.75247303402
713,150yd,constant_lift,0.284100695473,13.0053635179,1.72880235469,2.69333240616,14.2228384928,1.89064124529,2.94546413622
713,150yd,constant_lift,0.304100695473,13.8832485873,1.84703383991,2.86783042492,15.1829052792,2.01994076981,3.13629749007
713,150yd,constant_lift,0.324100695473,14.7564857736,1.9648323639,3.04033933429,16.1378890787,2.14876680216,3.32495552744
713,150yd,constant_lift,0.344100695473,15.6251282198,2.08220211496,3.21084347738,17.0878480094,2.27712392275,3.51142112575
713,150yd,constant_lift,0.364100695473,16.4892283102,2.19914723562,3.37932759443,18.0328393593,2.40501666188,3.69567759671
713,150yd,constant_lift,0.384100695473,17.3488376831,2.31567182307,3.54577681291,18.9729196009,2.5324495003,3.87770867554
713,150yd,constant_lift,0.404100695473,18.2040072435,2.43177992969,3.71017663787,19.9081444045,2.65942686974,4.05749851035
713,150yd,constant_lift,0.424100695473,19.0547871755,2.54747556352,3.87251294254,20.8385686521,2.78595315345,4.23503165194
713,150yd,constant_lift,0.444100695473,19.9012269546,2.66276268871,4.03277195929,21.7642464508,2.91203268669,4.41029304385
713,150yd,constant_lift,0.464100695473,20.7433753594,2.77764522605,4.19094027078,22.6852311454,3.03766975727,4.58326801266
713,150yd,constant_lift,0.484100695473,21.5812804831,2.89212705339,4.34700480133,23.6015753315,3.16286860607,4.75394225867
713,150yd,constant_lift,0.504100695473,22.4149897455,3.00621200613,4.50095280867,24.5133308678,3.28763342753,4.92230184675
713,150yd,constant_lift,0.524100695473,23.2445499033,3.11990387767,4.65277187578,25.4205488882,3.41196837015,5.08833319749
713,150yd,constant_lift,0.544100695473,24.070007062,3.23320641986,4.80244990307,26.3232798141,3.53587753703,5.25202307859
713,150yd,constant_lift,0.564100695473,24.8914066857,3.34612334348,4.94997510069,27.2215733658,3.65936498631,5.41335859655
713,150yd,constant_lift,0.584100695473,25.7087936082,3.45865831865,5.09533598118,28.1154785742,3.78243473169,5.57232718852
713,150yd,constant_lift,0.604100695473,26.5222120432,3.5708149753,5.23852135222,29.0050437918,3.90509074289,5.72891661441
713,150yd,constant_lift,0.624100695473,27.3317055942,3.68259690359,5.37952030961,29.8903167041,4.02733694618,5.88311494927
713,150yd,constant_lift,0.644100695473,28.1373172644,3.79400765435,5.51832223052,30.7713443399,4.14917722479,6.03491057581
713,150yd,constant_lift,0.664100695473,28.9390894666,3.90505073952,5.65491676682,31.6481730825,4.27061541943,6.18429217719
713,150yd,constant_lift,0.684100695473,29.7370640324,4.01572963257,5.7892938387,32.5208486793,4.39165532871,6.33124872998
713,150yd,constant_lift,0.704100695473,30.5312822216,4.1260477689,5.9214436284,33.3894162528,4.51230070964,6.47576949738
713,150yd,constant_lift,0.724100695473,31.3217847315,4.23600854627,6.05135657417,34.2539203101,4.63255527807,6.6178440225
713,150yd,constant_lift,0.744100695473,32.1086117058,4.34561532524,6.17902336437,35.1144047526,4.75242270915,6.75746212201
713,150yd,constant_lift,0.764100695473,32.8918027428,4.45487142953,6.3044349317,35.9709128859,4.87190663772,6.89461387981
713,150yd,constant_lift,0.784100695473,33.671396905,4.56378014645,6.42758244771,36.8234874289,4.99101065885,7.02928964098
713,150yd,constant_lift,0.804100695473,34.4474327266,4.67234472729,6.54845731735,37.6721705234,5.10973832818,7.16148000585
713,150yd,constant_lift,0.824100695473,35.2199482223,4.78056838772,6.6670511737,38.5170037427,5.22809316243,7.29117582426
713,150yd,constant_lift,0.844100695473,35.9889808953,4.88845430818,6.7833558729,39.3580281007,5.34607863975,7.41836818996
713,150yd,constant_lift,0.864100695473,36.7545677451,4.99600563426,6.89736348916,40.1952840607,5.4636982002,7.54304843522
713,150yd,constant_lift,0.884100695473,37.5167452754,5.10322547709,7.00906630995,41.0288115436,5.58095524617,7.6652081255
713,150yd,constant_lift,0.904100695473,38.275549502,5.21011691371,7.11845683132,41.8586499366,5.69785314273,7.78483905437
713,150yd,constant_lift,0.924100695473,39.0310159598,5.31668298745,7.22552775332,42.6848381013,5.81439521812,7.90193323853
713,150yd,constant_lift,0.944100695473,39.7831797107,5.42292670829,7.33027197559,43.5074143817,5.9305847641,8.01648291294
713,150yd,constant_lift,0.964100695473,40.5320753503,5.52885105324,7.43268259308,44.3264166123,6.04642503635,8.12848052611
713,150yd,constant_lift,0.984100695473,41.2777370156,5.63445896669,7.53275289182,45.1418821256,6.16191925492,8.23791873559
713,150yd,constant_lift,1.00410069547,42.0201983915,5.73975336079,7.63047634493,45.9538477597,6.27707060454,8.34479040347
713,150yd,constant_lift,1.02410069547,42.7594927178,5.84473711575,7.72584660859,46.7623498663,6.39188223507,8.44908859207
713,150yd,constant_lift,1.04410069547,43.4956527959,5.94941308025,7.81885751827,47.5674243175,6.50635726187,8.55080655979
713,150yd,constant_lift,1.06410069547,44.2287109956,6.05378407177,7.90950308497,48.3691065131,6.62049876615,8.64993775697
713,150yd,constant_lift,1.08410069547,44.9586992611,6.1578528769,7.99777749163,49.1674313879,6.73430979539,8.74647582199
713,150yd,constant_lift,1.10410069547,45.685649118,6.26162225173,8.08367508957,49.9624334186,6.84779336366,8.84041457739
713,150yd,constant_lift,1.12410069547,46.4095916788,6.36509492214,8.1671903951,50.7541466303,6.96095245203,8.93174802614
713,150yd,constant_lift,1.14410069547,47.1305576497,6.46827358414,8.2483180862,51.5426046038,7.07379000891,9.02047034799
713,150yd,constant_lift,1.16410069547,47.8485773363,6.57116090425,8.32705299929,52.3278404815,7.1863089504,9.10657589599
713,150yd,constant_lift,1.18410069547,48.5636806496,6.67375951973,8.40339012609,53.1098869746,7.29851216069,9.19005919301
713,150yd,constant_lift,1.20410069547,49.2758971118,6.776072039,8.47732461057,53.888776369,7.41040249234,9.27091492844
713,150yd,constant_lift,1.22410069547,49.9852558619,6.87810104187,8.54885174601,54.6645405313,7.5219827667,9.34913795495
713,150yd,constant_lift,1.24410069547,50.6917856615,6.97984907993,8.61796697211,55.4372109159,7.63325577421,9.42472328533
713,150yd,constant_lift,1.26410069547,51.3955149003,7.08131867681,8.68466587222,56.2068185699,7.74422427472,9.49766608948
713,150yd,constant_lift,1.28410069547,52.0964716014,7.18251232849,8.7489441706,56.9733941398,7.85489099791,9.56796169139
713,150yd,constant_lift,1.30410069547,52.7946834267,7.28343250363,8.81079772983,57.736967877,7.96525864352,9.63560556631
713,150yd,constant_lift,1.32410069547,53.4901776823,7.38408164387,8.8702225482,58.4975696438,8.07532988175,9.70059333793
713,150yd,constant_lift,1.34410069547,54.1829813232,7.4844621641,8.92721475727,59.2552289186,8.18510735356,9.76292077566
713,150yd,constant_lift,1.36410069547,54.8731209589,7.58457645277,8.98177061944,60.009974802,8.294593671,9.82258379203
713,150yd,constant_lift,1.38410069547,55.5606228582,7.68442687218,9.03388652562,60.7618360216,8.40379141752,9.87957844009
713,150yd,constant_lift,1.40410069547,56.2455129537,7.78401575879,9.08355899295,61.510840938,8.51270314828,9.93390091092
713,150yd,constant_lift,1.42410069547,56.9278168474,7.88334542346,9.1307846626,62.2570175497,8.62133139049,9.98554753128
713,150yd,constant_lift,1.44410069547,57.6075598148,7.98241815178,9.17556029762,63.0003934983,8.72967864368,10.0345147612
713,150yd,constant_lift,1.46410069547,58.2847668098,8.08123620432,9.21788278086,63.7409960737,8.83774738006,10.0807991917
713,150yd,constant_lift,1.48410069547,58.9594624691,8.17980181692,9.25774911299,64.4788522191,8.94554004475,10.1243975426
713,150yd,constant_lift,1.50410069547,59.6316711172,8.27811720094,9.29515641046,65.2139885359,9.05305905615,10.1653066606
713,150yd,constant_lift,1.52410069547,60.3014167703,8.37618454358,9.3301019037,65.9464312886,9.16030680619,10.2035235167
713,150yd,constant_lift,1.54410069547,60.9687231409,8.47400600811,9.36258293519,66.6762064095,9.26728566066,10.2390452047
713,150yd,constant_lift,1.56410069547,61.6336136422,8.57158373413,9.39259695772,67.4033395037,9.37399795946,10.2718689389
713,150yd,constant_lift,1.58410069547,62.2961113921,8.66891983786,9.42014153265,68.1278558531,9.48044601691,10.3019920523
713,150yd,constant_lift,1.60410069547,62.9562392175,8.7660164124,9.44521432821,68.8497804216,9.58663212205,10.329411995
713,150yd,constant_lift,1.62410069547,63.6140196586,8.86287552797,9.46781311787,69.5691378594,9.6925585389,10.3541263319
713,150yd,constant_lift,1.64410069547,64.2694749726,8.95949923216,9.48793577876,70.2859525072,9.79822750673,10.3761327414
713,150yd,constant_lift,1.66410069547,64.9226271376,9.05588955021,9.50558029013,71.0002484007,9.90364124039,10.3954290137
713,150yd,constant_lift,1.68410069547,65.5734978572,9.15204848525,9.52074473188,71.7120492752,10.0088019305,10.4120130489
713,150yd,constant_lift,1.70410069547,66.2221085635,9.24797801853,9.53342728307,72.4213785691,10.1137117438,10.4258828555
713,150yd,constant_lift,1.72410069547,66.8684804216,9.34368010971,9.54362622057,73.1282594287,10.2183728234,10.4370365492
713,150yd,constant_lift,1.74410069547,67.5126343327,9.43915669704,9.55133991765,73.8327147121,10.322787289,10.4454723509
713,150yd,constant_lift,1.76410069547,68.1545909385,9.53440969765,9.55656684271,74.5347669931,10.4269572372,10.4511885856
713,150yd,constant_lift,1.78410069547,68.7943706242,9.6294410078,9.55930555797,75.2344385654,10.5308847417,10.4541836811
713,150yd,constant_lift,1.80410069547,69.4319935225,9.72425250304,9.55955471826,75.9317514463,10.6345718537,10.4544561661
713,150yd,constant_lift,1.82410069547,70.0674795169,9.81884603856,9.55731306978,76.6267273807,10.7380206021,10.4520046695
713,150yd,constant_lift,1.84410069547,70.7008482453,9.9132234493,9.552579449,77.3193878448,10.8412329935,10.4468279188
713,150yd,constant_lift,1.86410069547,71.3321191034,10.0073865503,9.54535278145,78.0097540501,10.944211013,10.4389247391
713,150yd,constant_lift,1.88410069547,71.961311248,10.1013371368,9.53563208071,78.6978469466,11.0469566238,10.4282940515
713,150yd,constant_lift,1.90410069547,72.5884436003,10.1950769845,9.52341644729,79.383687227,11.1494717679,10.4149348724
713,150yd,constant_lift,1.92410069547,73.2135348497,10.2886078501,9.50870506765,80.0672953299,11.2517583662,10.398846312
713,150yd,constant_lift,1.94410069547,73.8366034561,10.3819314708,9.49149721317,80.7486914437,11.3538183189,10.3800275735
713,150yd,constant_lift,1.96410069547,74.457667654,10.4750495654,9.47179223922,81.4278955096,11.4556535054,10.3584779519
713,150yd,constant_lift,1.98410069547,75.076745455,10.5679638336,9.44958958421,82.1049272255,11.5572657848,10.3341968331
713,150yd,constant_lift,2.00410069547,75.6938546513,10.6606759572,9.42488876866,82.7798060491,11.6586569961,10.3071836928
713,150yd,constant_lift,2.02410069547,76.3090128187,10.7531875995,9.3976893944,83.4525512015,11.7598289584,10.2774380954
713,150yd,constant_lift,2.04410069547,76.9222373194,10.8455004059,9.36799114364,84.1231816704,11.8607834711,10.2449596934
713,150yd,constant_lift,2.06410069547,77.5335453052,10.9376160041,9.3357937782,84.7917162131,11.9615223142,10.2097482264
713,150yd,constant_lift,2.08410069547,78.1429537205,11.029536004,9.30109713869,85.4581733601,12.0620472485,10.17180352
713,150yd,constant_lift,2.10410069547,78.7504793049,11.1212619985,9.26390114375,86.1225714183,12.1623600158,10.1311254853
713,150yd,constant_lift,2.12410069547,79.3561385964,11.2127955631,9.22420578932,86.7849284738,12.2624623393,10.0877141178
713,150yd,constant_lift,2.14410069547,79.959947934,11.3041382564,9.18201114786,87.445262395,12.3623559235,10.0415694968
713,150yd,constant_lift,2.16410069547,80.5619234604,11.3952916205,9.13731736772,88.103590836,12.4620424546,9.99269178447
713,150yd,constant_lift,2.18410069547,81.1620811253,11.4862571805,9.0901246724,88.7599312394,12.5615236007,9.94108122529
713,150yd,constant_lift,2.20410069547,81.7604366875,11.5770364457,9.04043335995,89.4143008394,12.6608010123,9.88673814517
713,150yd,constant_lift,2.22410069547,82.3570057178,11.6676309088,8.98824380225,90.0667166643,12.7598763219,9.82966295084
713,150yd,constant_lift,2.24410069547,82.9518036017,11.7580420468,8.93355644449,90.71719554,12.8587511448,9.76985612914
713,150yd,constant_lift,2.26410069547,83.5448455421,11.8482713209,8.87637180449,91.3657540924,12.9574270788,9.70731824638
713,150yd,constant_lift,2.28410069547,84.1361465616,11.9383201767,8.81669047215,92.0124087506,13.0559057051,9.64204994767
713,150yd,constant_lift,2.30410069547,84.7257215053,12.0281900445,8.75451310889,92.6571757494,13.1541885876,9.57405195636
713,150yd,constant_lift,2.32410069547,85.3135850432,12.1178823395,8.6898404471,93.3000711321,13.2522772741,9.50332507338
713,150yd,constant_lift,2.34410069547,85.8997516728,12.2073984616,8.62267328959,93.9411107533,13.3501732957,9.42987017671
713,150yd,constant_lift,2.36410069547,86.4842357214,12.2967397961,8.55301250909,94.5803102815,13.4478781672,9.35368822079
713,150yd,constant_lift,2.38410069547,87.0670513487,12.3859077138,8.48085904775,95.2176852019,13.5453933878,9.27478023594
713,150yd,constant_lift,2.40410069547,87.6482125489,12.4749035709,8.40621391664,95.853250819,13.6427204407,9.19314732791
713,150yd,constant_lift,2.42410069547,88.2277331534,12.5637287094,8.3290781953,96.4870222588,13.7398607933,9.10879067727
713,150yd,constant_lift,2.44410069547,88.8056268331,12.6523844571,8.24945303125,97.1190144719,13.8368158979,9.02171153898
713,150yd,constant_lift,2.46410069547,89.3819071004,12.740872128,8.16733963956,97.7492422358,13.9335871917,8.93191124186
713,150yd,constant_lift,2.48410069547,89.9565873119,12.8291930226,8.08273930241,98.3777201574,14.0301760964,8.83939118811
713,150yd,constant_lift,2.50410069547,90.5296806703,12.9173484274,7.99565336868,99.0044626753,14.1265840195,8.74415285289
713,150yd,constant_lift,2.52410069547,91.1012002267,13.0053396159,7.9060832535,99.6294840624,14.2228123533,8.64619778379
713,150yd,constant_lift,2.54410069547,91.6711588831,13.0931678483,7.81403043789,100.252798429,14.3188624762,8.54552760049
713,150yd,constant_lift,2.56410069547,92.2395693942,13.1808343716,7.71949646833,100.874419722,14.414735752,8.44214399424
713,150yd,constant_lift,2.58410069547,92.8064443697,13.2683404204,7.62248295641,101.494361734,14.5104335306,8.33604872748
713,150yd,constant_lift,2.60410069547,93.3717962764,13.3556872161,7.52299157842,102.112638098,14.6059571479,8.22724363344
713,150yd,constant_lift,2.62410069547,93.9356374405,13.4428759678,7.42102407501,102.729262293,14.7013079263,8.11573061571
713,150yd,constant_lift,2.64410069547,94.4979800491,13.5299078724,7.31658225082,103.344247648,14.7964871746,8.00151164788
713,150yd,constant_lift,2.66410069547,95.0588361531,13.6167841144,7.20966797415,103.957607342,14.8914961881,7.88458877312
713,150yd,constant_lift,2.68410069547,95.6182176683,13.7035058664,7.10028317655,104.569354405,14.9863362493,7.76496410384
713,150yd,constant_lift,2.70410069547,96.1761363781,13.790074289,6.98842985258,105.179501726,15.0810086275,7.64263982128
713,150yd,constant_lift,2.72410069547,96.7326039353,13.8764905313,6.87411005941,105.788062046,15.1755145793,7.5176181752
713,150yd,constant_lift,2.74410069547,97.2876318637,13.9627557308,6.75732591649,106.39504797,15.2698553486,7.38990148347
713,150yd,constant_lift,2.76410069547,97.8412315605,14.0488710134,6.63807960528,107.00047196,15.3640321669,7.25949213176
713,150yd,constant_lift,2.78410069547,98.3934142981,14.1348374941,6.51637336891,107.604346345,15.4580462534,7.12639257317
713,150yd,constant_lift,2.80410069547,98.9441912257,14.2206562767,6.39220951184,108.206683318,15.5518988152,6.99060532791
713,150yd,constant_lift,2.82410069547,99.4935733715,14.306328454,6.26559039959,108.807494938,15.6455910477,6.85213298293
713,150yd,constant_lift,2.84410069547,100.041571644,14.3918551082,6.13651845845,109.406793137,15.739124134,6.71097819165
713,150yd,constant_lift,2.86410069547,100.588196835,14.4772373107,6.00499617511,110.004589715,15.8324992462,6.56714367357
713,150yd,constant_lift,2.88410069547,101.13345962,14.5624761227,5.87102609646,110.600896348,15.9257175445,6.42063221398
713,150yd,constant_lift,2.90410069547,101.677370561,14.6475725948,5.73461082922,111.195724585,16.0187801781,6.27144666363
713,150yd,constant_lift,2.92410069547,102.219940107,14.7325277678,5.59575303969,111.789085856,16.1116882849,6.11958993842
713,150yd,constant_lift,2.94410069547,102.761178597,14.817342672,5.45445545343,112.380991467,16.2044429921,5.96506501906
713,150yd,constant_lift,2.96410069547,103.301096263,14.9020183283,5.31072085501,112.971452606,16.2970454159,5.8078749508
713,150yd,constant_lift,2.98410069547,103.839703226,14.9865557475,5.16455208771,113.560480344,16.3894966618,5.64802284308
713,150yd,constant_lift,3.00410069547,104.377009506,15.0709559312,5.01595205323,114.148085636,16.481797825,5.48551186923
713,150yd,constant_lift,3.02410069547,104.913025016,15.1552198711,4.86492371138,114.734279327,16.5739499903,5.32034526617
713,150yd,constant_lift,3.04410069547,105.447759569,15.2393485501,4.71147007988,115.319072145,16.6659542324,5.15252633408
713,150yd,constant_lift,3.06410069547,105.981222877,15.3233429415,4.55559423399,115.902474713,16.7578116158,4.98205843612
713,150yd,constant_lift,3.08410069547,106.513424552,15.4072040098,4.39729930628,116.484497542,16.8495231954,4.80894499812
713,150yd,constant_lift,3.10410069547,107.044374111,15.4909327106,4.23658848632,117.06515104,16.941090016,4.63318950823
713,150yd,constant_lift,3.12410069547,107.574080972,15.5745299907,4.07346502044,117.644445507,17.0325131131,4.45479551666
713,150yd,constant_lift,3.14410069547,108.102554461,15.6579967882,3.90793221138,118.222391143,17.1237935129,4.27376663537
713,150yd,constant_lift,3.16410069547,108.629803812,15.7413340328,3.73999341809,118.798998045,17.2149322318,4.09010653772
713,150yd,constant_lift,3.18410069547,109.155838166,15.8245426459,3.56965205538,119.374276209,17.3059302776,3.9038189582
713,150yd,constant_lift,3.20410069547,109.680666574,15.9076235405,3.39691159365,119.948235536,17.3967886488,3.7149076921
713,150yd,constant_lift,3.22410069547,110.204298001,15.9905776217,3.22177555865,120.520885828,17.4875083352,3.52337659519
713,150yd,constant_lift,3.24410069547,110.726741323,16.0734057864,3.04424753111,121.092236793,17.5780903176,3.32922958345
713,150yd,constant_lift,3.26410069547,111.248005332,16.1561089238,2.86433114654,121.662298045,17.6685355685,3.1324706327
713,150yd,constant_lift,3.28410069547,111.768098734,16.2386879154,2.68203009486,122.231079106,17.7588450518,2.93310377828
713,150yd,constant_lift,3.30410069547,112.287030155,16.3211436349,2.49734812018,122.798589408,17.8490197232,2.73113311481
713,150yd,constant_lift,3.32410069547,112.804808137,16.4034769487,2.31028902044,123.364838295,17.93906053,2.52656279576
713,150yd,constant_lift,3.34410069547,113.321441144,16.4856887157,2.12085664715,123.929835022,18.0289684118,2.3193970332
713,150yd,constant_lift,3.36410069547,113.836937561,16.5677797877,1.9290549051,124.493588759,18.1187442998,2.10964009744
713,150yd,constant_lift,3.38410069547,114.351305695,16.6497510093,1.73488775201,125.05610859,18.2083891178,1.89729631673
713,150yd,constant_lift,3.40410069547,114.864553777,16.7316032181,1.5383591983,125.617403518,18.2979037818,1.68237007688
713,150yd,constant_lift,3.42410069547,115.376689964,16.8133372447,1.33947330669,126.177482463,18.3872892002,1.46486582096
713,150yd,constant_lift,3.44410069547,115.88772234,16.8949539129,1.13823419197,126.736354265,18.476546274,1.24478804897
713,150yd,constant_lift,3.46410069547,116.397658915,16.9764540402,0.934646020672,127.294027684,18.5656758969,1.02214131745
713,150yd,constant_lift,3.48410069547,116.906507628,17.0578384369,0.728713010708,127.850511404,18.6546789555,0.796930239182
713,150yd,constant_lift,3.50410069547,117.414276351,17.1391079075,0.5204394311,128.405814032,18.7435563293,0.56915948283
713,150yd,constant_lift,3.52410069547,117.920972883,17.2202632497,0.309829601641,128.959944098,18.8323088908,0.338833772574
713,150yd,constant_lift,3.54410069547,118.42660496,17.3013052551,0.0968878925701,129.512910062,18.9209375056,0.105957887763
713,150yd,constant_lift,3.55312900289,118.654508396,17.3378519439,1.31838984174e-15,129.762148289,18.9609054504,1.44180866332e-15
623,200yd,constant_lift,0,0,0,0.01,0,0,0.0109361329834
623,200yd,constant_lift,0.000319764394863,0.0174284854686,0.00400143378517,0.014408851575,0.0190600234783,0.00437602119988,0.0157577116962
623,200yd,constant_lift,0.0035174083435,0.191603312315,0.0440094516357,0.0584790255293,0.209539930353,0.0481293215613,0.0639534399927
623,200yd,constant_lift,0.0235174083435,1.27648327366,0.293982568217,0.33335500217,1.39597908318,0.321503246081,0.36456146344
623,200yd,constant_lift,0.0435174083435,2.35365308868,0.543503619503,0.606882971904,2.57398631745,0.594382785983,0.663695288609
623,200yd,constant_lift,0.0635174083435,3.42321521434,0.792570519977,0.87902498009,3.74367368148,0.866765660518,0.961313407797
623,200yd,constant_lift,0.0835174083435,4.48527037791,1.04118137882,1.14974413959,4.90515133192,1.13864980186,1.25737548074
623,200yd,constant_lift,0.103517408343,5.53991761329,1.28933449212,1.41900459879,6.05852757359,1.41003334659,1.55184229963
623,200yd,constant_lift,0.123517408343,6.58725429646,1.53702833542,1.68677151068,7.20390889814,1.68091462754,1.84467575533
623,200yd,constant_lift,0.143517408343,7.62737617996,1.78426155651,1.95301100302,8.34140002182,1.95129216591,2.1358388047
623,200yd,constant_lift,0.163517408343,8.66037742648,2.03103296852,2.21769014948,9.47110392222,2.22116466373,2.42529543906
623,200yd,constant_lift,0.183517408343,9.68635064167,2.27734154326,2.4807769417,10.5931218741,2.49053099657,2.71301065365
623,200yd,constant_lift,0.203517408343,10.705386906,2.52318640487,2.74224026237,11.7075534843,2.75939020655,2.99895041816
623,200yd,constant_lift,0.223517408343,11.717575806,2.7685668236,3.00204985912,12.8144967257,3.02774149563,3.28308164821
623,200yd,constant_lift,0.243517408343,12.7230054644,3.01348220996,3.26017631932,13.9140479706,3.29558421912,3.56537217773
623,200yd,constant_lift,0.263517408343,13.7217625697,3.25793210898,3.51659104568,15.0063020228,3.56291787946,3.84579073237
623,200yd,constant_lift,0.283517408343,14.7139324053,3.50191619475,3.77126623264,16.0913521493,3.82974212024,4.12430690358
623,200yd,constant_lift,0.303517408343,15.6995988774,3.74543426514,4.02417484357,17.1692901109,4.09605672041,4.40089112377
623,200yd,constant_lift,0.323517408343,16.6788445422,3.98848623673,4.27529058868,18.2402061923,4.36186158873,4.67551464204
623,200yd,constant_lift,0.343517408343,17.6517506331,4.23107213993,4.52458790363,19.3041892314,4.62715675845,4.9481495009
623,200yd,constant_lift,0.363517408343,18.6183970866,4.47319211425,4.77204192884,20.3613266477,4.89194238216,5.21876851361
623,200yd,constant_lift,0.383517408343,19.5788625675,4.71484640379,5.01762848952,21.4117044702,5.15621872681,5.48734524226
623,200yd,constant_lift,0.403517408343,20.5332244942,4.9560353529,5.26132407621,22.4554073646,5.41998616896,5.7538539766
623,200yd,constant_lift,0.423517408343,21.4815590625,5.19675940192,5.50310582607,23.4925186597,5.6832451902,6.01826971355
623,200yd,constant_lift,0.443517408343,22.4239412695,5.4370190832,5.74295150469,24.5231203735,5.94599637271,6.28056813724
623,200yd,constant_lift,0.463517408343,23.3604449369,5.67681501718,5.98083948851,25.5472932381,6.20824039499,6.54072559986
623,200yd,constant_lift,0.483517408343,24.2911427329,5.9161479086,6.21674874774,26.5651167245,6.46997802778,6.79871910295
623,200yd,constant_lift,0.503517408343,25.2161061948,6.15501854296,6.4506588299,27.576669067,6.73121013009,7.05452627941
623,200yd,constant_lift,0.523517408343,26.1354057503,6.39342778296,6.68254984378,28.582027286,6.99193764541,7.30812537596
623,200yd,constant_lift,0.543517408343,27.0491107384,6.63137656522,6.91240244399,29.5812672117,7.252161598,7.55949523621
623,200yd,constant_lift,0.563517408343,27.9572894298,6.86886589696,7.14019781594,30.5744635059,7.51188308941,7.80861528428
623,200yd,constant_lift,0.583517408343,28.8600090473,7.10589685297,7.36591766127,31.5616896843,7.77110329503,8.05546550883
623,200yd,constant_lift,0.603517408343,29.757335785,7.34247057256,7.58954418378,32.5430181376,8.0298234608,8.3000264477
623,200yd,constant_lift,0.623517408343,30.6493348275,7.57858825665,7.81106007575,33.5185201526,8.2880449001,8.54227917295
623,200yd,constant_lift,0.643517408343,31.5360703686,7.81425116504,8.03044850471,34.4882659324,8.54576899064,8.78220527637
623,200yd,constant_lift,0.663517408343,32.4176056293,8.04946061367,8.24769310061,35.4523246165,8.80299717155,9.01978685544
623,200yd,constant_lift,0.683517408343,33.2940028762,8.28421797203,8.46277794336,36.4107643003,9.05973094054,9.25500649974
623,200yd,constant_lift,0.703517408343,34.1653234381,8.51852466071,8.67568755076,37.3636520539,9.31597185118,9.48784727774
623,200yd,constant_lift,0.723517408343,35.0316277238,8.75238214895,8.88640686683,38.3110539411,9.57172151022,9.718292724
623,200yd,constant_lift,0.743517408343,35.8929752381,8.98579195231,9.09492125042,39.2530350373,9.82698157514,9.94632682679
623,200yd,constant_lift,0.763517408343,36.7494245985,9.21875563046,9.30121646426,40.1896594472,10.0817537516,10.171934016
623,200yd,constant_lift,0.783517408343,37.6010335511,9.45127478502,9.50527866426,41.1209903227,10.3360397911,10.3950991516
623,200yd,constant_lift,0.803517408343,38.4478589856,9.68335105747,9.70709438917,42.0470898793,10.5898414889,10.6158075122
623,200yd,constant_lift,0.823517408343,39.2899569513,9.91498612713,9.90665055053,42.968019413,10.8431606815,10.834044784
623,200yd,constant_lift,0.843517408343,40.1273826713,10.1461817092,10.103934423,43.8838393169,11.0959992446,11.0497970505
623,200yd,constant_lift,0.863517408343,40.9601905577,10.3769395531,10.2989336347,44.7946090963,11.3483590914,11.2630507816
623,200yd,constant_lift,0.883517408343,41.7884342251,10.6072614403,10.4916361584,45.7003873852,11.6002421701,11.4737928242
623,200yd,constant_lift,0.903517408343,42.612166505,10.837149183,10.6820303024,46.6012319609,11.8516504626,11.6820103919
623,200yd,constant_lift,0.923517408343,43.4314394595,11.0666046219,10.8701047018,47.4971997588,12.102585982,11.8876910562
623,200yd,constant_lift,0.943517408343,44.2463043942,11.2956296254,11.0558483104,48.3883468878,12.3530507715,12.0908227367
623,200yd,constant_lift,0.963517408343,45.0568118716,11.5242260873,11.2392503924,49.2747286435,12.6030469021,12.2913936925
623,200yd,constant_lift,0.983517408343,45.8630117238,11.7523959255,11.4203005146,50.1563995229,12.8525764715,12.4893925138
623,200yd,constant_lift,1.00351740834,46.6649530649,11.9801410809,11.5989885387,51.0334132381,13.1016416021,12.6848081132
623,200yd,constant_lift,1.02351740834,47.4626843033,12.2074635156,11.7753046139,51.9058227289,13.3502444397,12.8776297178
623,200yd,constant_lift,1.04351740834,48.2562531537,12.4343652117,11.9492391697,52.7736801768,13.5983871519,13.067846861
623,200yd,constant_lift,1.06351740834,49.0457066487,12.66084817,12.1207829088,53.6370370174,13.8460719269,13.2554493753
623,200yd,constant_lift,1.08351740834,49.8310911505,12.8869144087,12.2899268005,54.4959439529,14.0933009719,13.4404273847
623,200yd,constant_lift,1.10351740834,50.612452362,13.1125659624,12.4566620742,55.3504509645,14.3400765118,13.6227712972
623,200yd,constant_lift,1.12351740834,51.3898353377,13.3378048806,12.6209802125,56.2006073247,14.586400788,13.8024717985
623,200yd,constant_lift,1.14351740834,52.1632844947,13.5626332269,12.7828729456,57.0464616084,14.8322760574,13.9795198443
623,200yd,constant_lift,1.16351740834,52.9328436232,13.7870530777,12.9423322448,57.8880617052,15.0777045906,14.1539066545
623,200yd,constant_lift,1.18351740834,53.6985558969,14.0110665212,13.0993503171,58.7254548304,15.3226886715,14.3256237064
623,200yd,constant_lift,1.20351740834,54.4604638829,14.2346756567,13.2539195991,59.558687536,15.5672305957,14.4946627286
623,200yd,constant_lift,1.22351740834,55.2186095519,14.457882593,13.4060327517,60.3878057217,15.8113326695,14.6610156952
623,200yd,constant_lift,1.24351740834,55.9730342879,14.6806894481,13.5556826547,61.2128546456,16.0549972092,14.8246748192
623,200yd,constant_lift,1.26351740834,56.7237788976,14.9030983479,13.7028624019,62.0338789344,16.2982265397,14.985632548
623,200yd,constant_lift,1.28351740834,57.4708836198,15.1251114255,13.8475652954,62.8509225939,16.5410229938,15.1438815566
623,200yd,constant_lift,1.30351740834,58.2143881348,15.3467308205,13.9897848414,63.6640290188,16.7833889113,15.2994147434
623,200yd,constant_lift,1.32351740834,58.9543315729,15.5679586777,14.129514745,64.4732410028,17.0253266379,15.4522252242
623,200yd,constant_lift,1.34351740834,59.6907525238,15.7887971469,14.266748906,65.2786007478,17.2668385246,15.6023063276
623,200yd,constant_lift,1.36351740834,60.4236890448,16.0092483819,14.4014814138,66.080149874,17.5079269269,15.7496515898
623,200yd,constant_lift,1.38351740834,61.1531786693,16.2293145398,14.5337065437,66.8779294284,17.7485942036,15.8942547503
623,200yd,constant_lift,1.40351740834,61.8792584155,16.4489977802,14.6634187523,67.6719798945,17.9888427167,16.0361097466
623,200yd,constant_lift,1.42351740834,62.601964794,16.6683002646,14.7906126737,68.4623412008,18.2286748301,16.1752107105
623,200yd,constant_lift,1.44351740834,63.3213338163,16.8872241561,14.9152831152,69.24905273,18.4680929091,16.3115519632
623,200yd,constant_lift,1.46351740834,64.0374010021,17.1057716181,15.0374250536,70.0321533269,18.7070993198,16.4451280114
623,200yd,constant_lift,1.48351740834,64.7502013877,17.3239448143,15.1570336316,70.8116813076,18.9456964285,16.5759335428
623,200yd,constant_lift,1.50351740834,65.4597695326,17.5417459078,15.2741041538,71.587674467,19.1838866009,16.7039634228
623,200yd,constant_lift,1.52351740834,66.166139528,17.7591770609,15.3886320838,72.3601700875,19.4216722013,16.82921269
623,200yd,constant_lift,1.54351740834,66.8693450031,17.9762404339,15.5006130399,73.1292049465,19.6590555927,16.9516765528
623,200yd,constant_lift,1.56351740834,67.5694191328,18.1929381855,15.6100427927,73.8948153246,19.8960391355,17.0713503857
623,200yd,constant_lift,1.58351740834,68.2663946447,18.4092724716,15.7169172613,74.657037013,20.1326251876,17.1882297258
623,200yd,constant_lift,1.60351740834,68.9603038254,18.6252454449,15.8212325103,75.4159053209,20.3688161034,17.3023102694
623,200yd,constant_lift,1.62351740834,69.651178528,18.840859255,15.9229847468,76.1714550832,20.6046142334,17.4135878684
623,200yd,constant_lift,1.64351740834,70.3390501784,19.0561160473,16.0221703177,76.9237206675,20.840021924,17.5220585276
623,200yd,constant_lift,1.66351740834,71.0239497814,19.271017963,16.1187857062,77.6727359815,21.0750415168,17.6277184013
623,200yd,constant_lift,1.68351740834,71.705907928,19.4855671385,16.2128275298,78.4185344794,21.3096753483,17.7305637903
623,200yd,constant_lift,1.70351740834,72.3849548007,19.6997657051,16.3042925373,79.1611491696,21.5439257492,17.8305911388
623,200yd,constant_lift,1.72351740834,73.0611201803,19.9136157886,16.3931776059,79.9006126207,21.7777950444,17.9277970318
623,200yd,constant_lift,1.74351740834,73.7344334518,20.127119509,16.4794797391,80.6369569683,22.0112855523,18.0221781924
623,200yd,constant_lift,1.76351740834,74.4049236102,20.3402789802,16.5631960642,81.3702139219,22.2443995847,18.1137314788
623,200yd,constant_lift,1.78351740834,75.0726192664,20.5530963095,16.6443238297,82.1004147708,22.4771394461,18.202453882
623,200yd,constant_lift,1.80351740834,75.7375486532,20.7655735974,16.7228604031,82.8275903906,22.7095074337,18.2883425231
623,200yd,constant_lift,1.82351740834,76.3997396304,20.9777129373,16.7988032689,83.5517712494,22.9415058369,18.371394651
623,200yd,constant_lift,1.84351740834,77.059219691,21.1895164153,16.8721500261,84.2729874136,23.1731369371,18.4516076401
623,200yd,constant_lift,1.86351740834,77.7160159661,21.4009861098,16.9428983863,84.9912685543,23.4044030072,18.5289789876
623,200yd,constant_lift,1.88351740834,78.3701552304,21.6121240912,17.0110461716,85.7066439528,23.6353063115,18.6035063119
623,200yd,constant_lift,1.90351740834,79.0216639078,21.822932422,17.0765913127,86.4191425064,23.8658491054,18.6751873499
623,200yd,constant_lift,1.92351740834,79.6705680762,22.0334131559,17.139531847,87.1287927342,24.0960336351,18.7440199552
623,200yd,constant_lift,1.94351740834,80.3168934725,22.2435683385,17.1998659166,87.8356227827,24.3258621374,18.810002096
623,200yd,constant_lift,1.96351740834,80.9606654981,22.4534000061,17.2575917667,88.539660431,24.5553368396,18.8731318534
623,200yd,constant_lift,1.98351740834,81.6019092234,22.6629101862,17.3127077438,89.2409330965,24.7844599587,18.9334074189
623,200yd,constant_lift,2.00351740834,82.2406493929,22.8721008971,17.3652122941,89.93946784,25.013233702,18.9908270933
623,200yd,constant_lift,2.02351740834,82.8769104295,23.0809741477,17.4151039616,90.6352913709,25.2416602665,19.0453892843
623,200yd,constant_lift,2.04351740834,83.5107164399,23.2895319371,17.4623813869,91.3284300524,25.4697418385,19.0970925053
623,200yd,constant_lift,2.06351740834,84.1420912188,23.497776255,17.5070433054,92.0189099068,25.6974805938,19.1459353734
623,200yd,constant_lift,2.08351740834,84.7710582532,23.7057090809,17.5490885461,92.7067566198,25.9248786974,19.1919166078
623,200yd,constant_lift,2.10351740834,85.3976407274,23.9133323845,17.5885160299,93.3919955461,26.1519383032,19.2350350284
623,200yd,constant_lift,2.12351740834,86.021861527,24.1206481251,17.6253247684,94.0746517137,26.3786615541,19.2752895542
623,200yd,constant_lift,2.14351740834,86.6437432436,24.3276582518,17.6595138624,94.754749829,26.6050505816,19.312679202
623,200yd,constant_lift,2.16351740834,87.2633081785,24.5343647034,17.6910825007,95.432314281,26.8311075059,19.3472030848
623,200yd,constant_lift,2.18351740834,87.8805783474,24.7407694078,17.7200299592,96.1073691464,27.0568344355,19.3788604103
623,200yd,constant_lift,2.20351740834,88.4955754844,24.9468742827,17.7463555989,96.7799381938,27.2822334675,19.40765048
623,200yd,constant_lift,2.22351740834,89.1083210458,25.1526812347,17.7700588656,97.4500448883,27.5073066871,19.4335726877
623,200yd,constant_lift,2.24351740834,89.7188362146,25.3581921597,17.7911392882,98.1177123957,27.7320561677,19.4566265181
623,200yd,constant_lift,2.26351740834,90.327141904,25.5634089427,17.8095964777,98.782963587,27.9564839706,19.476811546
623,200yd,constant_lift,2.28351740834,90.9332587613,25.7683334575,17.8254301264,99.4458210426,28.1805921451,19.4941274348
623,200yd,constant_lift,2.30351740834,91.5372071722,25.9729675671,17.8386400066,100.106307056,28.4043827286,19.5085739355
623,200yd,constant_lift,2.32351740834,92.139007264,26.1773131231,17.8492259699,100.76444364,28.6278577462,19.5201508857
623,200yd,constant_lift,2.34351740834,92.7386789097,26.3813719661,17.857187946,101.420252526,28.8510192105,19.5288582086
623,200yd,constant_lift,2.36351740834,93.3362417314,26.5851459253,17.8625259417,102.073755174,29.0738691221,19.5346959118
623,200yd,constant_lift,2.38351740834,93.9317151041,26.7886368186,17.8652400405,102.724972773,29.2964094691,19.5376640863
623,200yd,constant_lift,2.40351740834,94.5251181591,26.9918464526,17.8653304013,103.373926246,29.5186422273,19.537762906
623,200yd,constant_lift,2.42351740834,95.1164697878,27.1947766226,17.8627972575,104.020636251,29.7405693598,19.5349926264
623,200yd,constant_lift,2.44351740834,95.7057886447,27.3974291122,17.8576409169,104.66512319,29.9621928174,19.5293535836
623,200yd,constant_lift,2.46351740834,96.2930931512,27.5998056939,17.8498617599,105.307407208,30.1835145384,19.5208461941
623,200yd,constant_lift,2.48351740834,96.8784014986,27.8019081284,17.8394602396,105.947508201,30.4045364484,19.5094709532
623,200yd,constant_lift,2.50351740834,97.461731652,28.0037381651,17.8264368809,106.585445814,30.6252604605,19.4952284349
623,200yd,constant_lift,2.52351740834,98.0431013528,28.2052975419,17.8107922793,107.22123945,30.8456884754,19.4781192906
623,200yd,constant_lift,2.54351740834,98.6225281226,28.4065879851,17.7925271011,107.854908271,31.0658223809,19.4581442488
623,200yd,constant_lift,2.56351740834,99.2000292658,28.6076112095,17.7716420819,108.486471201,31.2856640524,19.4353041141
623,200yd,constant_lift,2.58351740834,99.7756218733,28.8083689185,17.7481380265,109.115946931,31.5052153527,19.4095997666
623,200yd,constant_lift,2.60351740834,100.349322825,29.0088628038,17.7220158083,109.743353921,31.7244781319,19.3810321613
623,200yd,constant_lift,2.62351740834,100.921148794,29.2090945457,17.6932763684,110.368710404,31.9434542276,19.3496023276
623,200yd,constant_lift,2.64351740834,101.491116247,29.4090658131,17.6619207153,110.992034391,32.1621454649,19.3153113684
623,200yd,constant_lift,2.66351740834,102.059241451,29.6087782632,17.6279499242,111.613343669,32.3805536561,19.2781604595
623,200yd,constant_lift,2.68351740834,102.625540473,29.8082335419,17.5913651367,112.23265581,32.5986806014,19.2381508495
623,200yd,constant_lift,2.70351740834,103.190029185,30.0074332836,17.5521675602,112.849988172,32.816528088,19.1952838585
623,200yd,constant_lift,2.72351740834,103.752723265,30.2063791114,17.5103584673,113.465357901,33.0340978909,19.1495608785
623,200yd,constant_lift,2.74351740834,104.313638202,30.4050726369,17.4659391953,114.078781935,33.2513917726,19.1009833719
623,200yd,constant_lift,2.76351740834,104.872789296,30.6035154603,17.4189111461,114.690277008,33.4684114833,19.0495528719
623,200yd,constant_lift,2.78351740834,105.430191665,30.8017091707,17.3692757853,115.299859651,33.6851587606,18.9952709813
623,200yd,constant_lift,2.80351740834,105.985860242,30.9996553457,17.3170346422,115.907546197,33.9016353299,18.9381393725
623,200yd,constant_lift,2.82351740834,106.539809784,31.1973555518,17.2621893092,116.513352782,34.1178429044,18.8781597869
623,200yd,constant_lift,2.84351740834,107.092054867,31.3948113443,17.2047414412,117.117295349,34.3337831849,18.8153340345
623,200yd,constant_lift,2.86351740834,107.642609898,31.5920242672,17.1446927556,117.719389652,34.5494578601,18.7496639934
623,200yd,constant_lift,2.88351740834,108.191489108,31.7889958538,17.0820450317,118.319651256,34.7648686065,18.6811516094
623,200yd,constant_lift,2.90351740834,108.738706563,31.9857276258,17.0168001104,118.918095542,34.9800170886,18.6097988958
623,200yd,constant_lift,2.92351740834,109.28427616,32.1822210944,16.9489598938,119.514737708,35.1949049589,18.5356079329
623,200yd,constant_lift,2.94351740834,109.828211634,32.3784777596,16.8785263451,120.109592775,35.4095338579,18.4585808674
623,200yd,constant_lift,2.96351740834,110.370526555,32.5744991107,16.8055014879,120.702675585,35.6239054142,18.3787199125
623,200yd,constant_lift,2.98351740834,110.911234339,32.770286626,16.7298874062,121.294000808,35.8380212445,18.2960273471
623,200yd,constant_lift,3.00351740834,111.450348242,32.9658417732,16.6516862438,121.883582941,36.051882954,18.210505516
623,200yd,constant_lift,3.02351740834,111.987881366,33.1611660092,16.5709002044,122.471436314,36.265492136,18.1221568289
623,200yd,constant_lift,3.04351740834,112.523846662,33.3562607804,16.4875315508,123.057575089,36.4788503723,18.0309837607
623,200yd,constant_lift,3.06351740834,113.05825693,33.5511275226,16.4015826051,123.642013266,36.691959233,17.9369888508
623,200yd,constant_lift,3.08351740834,113.591124825,33.7457676612,16.3130557483,124.224764682,36.9048202769,17.8401747029
623,200yd,constant_lift,3.10351740834,114.122462855,33.940182611,16.2219534197,124.805843018,37.1174350514,17.7405439848
623,200yd,constant_lift,3.12351740834,114.652283385,34.1343737767,16.1282781171,125.385261795,37.3298050926,17.6380994281
623,200yd,constant_lift,3.14351740834,115.18059864,34.3283425525,16.0320323961,125.963034383,37.5419319253,17.5328438278
623,200yd,constant_lift,3.16351740834,115.707420706,34.5220903227,15.9332188703,126.539174001,37.7538170634,17.4247800419
623,200yd,constant_lift,3.18351740834,116.232761533,34.7156184614,15.8318402107,127.113693715,37.9654620094,17.3139109916
623,200yd,constant_lift,3.20351740834,116.756632936,34.9089283325,15.7278991457,127.686606448,38.1768682551,17.2002396607
623,200yd,constant_lift,3.22351740834,117.279046599,35.1020212902,15.6213984606,128.257924977,38.3880372815,17.0837690952
623,200yd,constant_lift,3.24351740834,117.800014074,35.2948986787,15.5123409976,128.827661936,38.5989705585,16.9645024033
623,200yd,constant_lift,3.26351740834,118.319546787,35.4875618325,15.4007296554,129.395829819,38.8096695456,16.8424427553
623,200yd,constant_lift,3.28351740834,118.837656035,35.6800120765,15.2865673892,129.962440983,39.0201356917,16.7175933828
623,200yd,constant_lift,3.30351740834,119.354352995,35.8722507257,15.1698572102,130.52750765,39.2303704349,16.5899575789
623,200yd,constant_lift,3.32351740834,119.869648717,36.0642790859,15.0506021854,131.091041904,39.4403752034,16.4595386979
623,200yd,constant_lift,3.34351740834,120.383554136,36.2560984534,14.9288054376,131.653055704,39.6501514145,16.3263401549
623,200yd,constant_lift,3.36351740834,120.896080063,36.447710115,14.8044701452,132.213560874,39.8597004758,16.1903654256
623,200yd,constant_lift,3.38351740834,121.407237198,36.6391153485,14.6775995415,132.772569114,40.0690237844,16.0516180462
623,200yd,constant_lift,3.40351740834,121.917036122,36.8303154222,14.5481969149,133.330091997,40.2781227277,15.910101613
623,200yd,constant_lift,3.42351740834,122.425487306,37.0213115957,14.4162656089,133.886140974,40.486998683,15.7658197822
623,200yd,constant_lift,3.44351740834,122.93260111,37.2121051194,14.2818090211,134.440727373,40.6956530177,15.6187762698
623,200yd,constant_lift,3.46351740834,123.438387783,37.4026972349,14.1448306038,134.993862404,40.9040870898,15.468974851
623,200yd,constant_lift,3.48351740834,123.942857468,37.5930891749,14.0053338632,135.54555716,41.1123022473,15.3164193604
623,200yd,constant_lift,3.50351740834,124.446020202,37.7832821636,13.8633223596,136.095822618,41.320299829,15.1611136916
623,200yd,constant_lift,3.52351740834,124.947885919,37.9732774164,13.7187997068,136.64466964,41.528081164,15.0030617966
623,200yd,constant_lift,3.54351740834,125.44846445,38.1630761402,13.5717695723,137.192108979,41.7356475724,14.8422676863
623,200yd,constant_lift,3.56351740834,125.947765526,38.3526795336,13.4222356767,137.738151276,41.9430003648,14.6787354295
623,200yd,constant_lift,3.58351740834,126.445798779,38.5420887868,13.2702017936,138.282807064,42.150140843,14.5124691531
623,200yd,constant_lift,3.60351740834,126.942573744,38.7313050819,13.1156717494,138.826086771,42.3570702995,14.3434730418
623,200yd,constant_lift,3.62351740834,127.438099859,38.9203295925,12.9586494232,139.368000721,42.5637900181,14.1717513377
623,200yd,constant_lift,3.64351740834,127.932386471,39.1091634846,12.7991387463,139.908559132,42.7703012737,13.9973083403
623,200yd,constant_lift,3.66351740834,128.425442832,39.297807916,12.6371437022,140.447772126,42.9766053325,13.8201484057
623,200yd,constant_lift,3.68351740834,128.917278104,39.4862640368,12.4726683261,140.98564972,43.1827034523,13.6402759472
623,200yd,constant_lift,3.70351740834,129.407901361,39.6745329891,12.3057167051,141.522201838,43.3885968822,13.4576954343
623,200yd,constant_lift,3.72351740834,129.897321587,39.8626159075,12.1362929775,142.057438306,43.594286863,13.2724113928
623,200yd,constant_lift,3.74351740834,130.385547682,40.0505139192,11.9644013329,142.591368856,43.7997746273,13.0844284043
623,200yd,constant_lift,3.76351740834,130.87258846,40.2382281436,11.7900460115,143.124003128,44.0050613994,12.8937511062
623,200yd,constant_lift,3.78351740834,131.358452651,40.425759693,11.6132313046,143.655350669,44.2101483957,12.7003841914
623,200yd,constant_lift,3.80351740834,131.843148905,40.6131096723,11.4339615536,144.185420937,44.4150368244,12.5043324077
623,200yd,constant_lift,3.82351740834,132.32668579,40.8002791791,11.2522411501,144.714223305,44.6197278861,12.3056005579
623,200yd,constant_lift,3.84351740834,132.809071795,40.9872693041,11.0680745357,145.241767055,44.8242227735,12.1041934992
623,200yd,constant_lift,3.86351740834,133.290315332,41.174081131,10.8814662015,145.768061387,45.0285226717,11.9001161434
623,200yd,constant_lift,3.88351740834,133.770424737,41.3607157365,10.6924206881,146.293115416,45.2326287582,11.6933734559
623,200yd,constant_lift,3.90351740834,134.249408269,41.5471741904,10.5009425851,146.816938177,45.436542203,11.4839704561
623,200yd,constant_lift,3.92351740834,134.727274115,41.7334575561,10.3070365309,147.339538621,45.6402641689,11.2719122166
623,200yd,constant_lift,3.94351740834,135.20403039,41.91956689,10.1107072125,147.860925624,45.8437958115,11.0572038632
623,200yd,constant_lift,3.96351740834,135.679685137,42.1055032422,9.91195936515,148.38110798,46.0471382789,10.8398505743
623,200yd,constant_lift,3.98351740834,136.154246328,42.2912676564,9.7107977721,148.900094409,46.2502927126,10.619857581
623,200yd,constant_lift,4.00351740834,136.627721868,42.4768611698,9.50722726424,149.417893557,46.453260247,10.3972301665
623,200yd,constant_lift,4.02351740834,137.100119595,42.6622848134,9.30125271989,149.934513993,46.6560420094,10.1719736657
623,200yd,constant_lift,4.04351740834,137.571447279,42.847539612,9.09287906443,150.449964215,46.8586391207,9.94409346504
623,200yd,constant_lift,4.06351740834,138.041712625,43.0326265843,8.88211127007,150.964252652,47.061052695,9.71359500226
623,200yd,constant_lift,4.08351740834,138.510923277,43.2175467432,8.66895435548,151.477387661,47.2632838399,9.48048376583
623,200yd,constant_lift,4.10351740834,138.979086813,43.4023010955,8.45341338552,151.98937753,47.4653336565,9.24476529475
623,200yd,constant_lift,4.12351740834,139.446210751,43.5868906422,8.23549347091,152.50023048,47.6672032395,9.00644517816
623,200yd,constant_lift,4.14351740834,139.912302548,43.7713163786,8.0151997679,153.009954668,47.8688936774,8.76552905501
623,200yd,constant_lift,4.16351740834,140.377369602,43.9555792945,7.79253747797,153.518558182,48.0704060526,8.52202261371
623,200yd,constant_lift,4.18351740834,140.841419252,44.1396803739,7.5675118475,154.02604905,48.2717414413,8.27593159176
623,200yd,constant_lift,4.20351740834,141.30445878,44.3236205956,7.34012816742,154.532435236,48.4729009138,8.02726177539
623,200yd,constant_lift,4.22351740834,141.766495412,44.5074009327,7.11039177287,155.037724641,48.6738855345,7.7760189992
623,200yd,constant_lift,4.24351740834,142.227536318,44.6910223533,6.87830804289,155.541925108,48.8746963618,7.52220914577
623,200yd,constant_lift,4.26351740834,142.687588616,44.87448582,6.64388240006,156.045044418,49.0753344488,7.2658381453
623,200yd,constant_lift,4.28351740834,143.146659368,45.0577922905,6.40712031015,156.547090298,49.2758008426,7.00691197523
623,200yd,constant_lift,4.30351740834,143.604755585,45.2409427174,6.16802728175,157.048070412,49.4760965851,6.74543665983
623,200yd,constant_lift,4.32351740834,144.061884226,45.4239380481,5.92660886596,157.547992373,49.6762227123,6.48141826986
623,200yd,constant_lift,4.34351740834,144.518052201,45.6067792255,5.68287065596,158.046863737,49.8761802553,6.21486292209
623,200yd,constant_lift,4.36351740834,144.973266369,45.7894671872,5.43681828673,158.544692005,50.0759702398,5.94577677902
623,200yd,constant_lift,4.38351740834,145.427533542,45.9720028666,5.18845743461,159.041484626,50.2755936861,5.67416604835
623,200yd,constant_lift,4.40351740834,145.880860482,46.1543871919,4.93779381695,159.537248996,50.4750516097,5.40003698267
623,200yd,constant_lift,4.42351740834,146.333253905,46.336621087,4.68483319175,160.03199246,50.6743450208,5.12339587899
623,200yd,constant_lift,4.44351740834,146.784720484,46.5187054714,4.42958135726,160.525722314,50.8734749249,4.84424907837
623,200yd,constant_lift,4.46351740834,147.235266842,46.7006412598,4.17204415161,161.018445802,51.0724423226,4.56260296545
623,200yd,constant_lift,4.48351740834,147.68489956,46.8824293628,3.9122274524,161.510170123,51.2712482095,4.27846396806
623,200yd,constant_lift,4.50351740834,148.133625177,47.0640706867,3.65013717633,162.000902424,51.4698935769,3.99183855679
623,200yd,constant_lift,4.52351740834,148.581450186,47.2455661334,3.38577927879,162.49064981,51.668379411,3.70273324453
623,200yd,constant_lift,4.54351740834,149.028381041,47.4269166009,3.1191597535,162.979419336,51.8667066939,3.41115458606
623,200yd,constant_lift,4.56351740834,149.474424152,47.6081229828,2.85028463203,163.467218014,52.0648764029,3.11710917764
623,200yd,constant_lift,4.58351740834,149.91958589,47.7891861689,2.57915998348,163.954052811,52.262889511,2.82060365647
623,200yd,constant_lift,4.60351740834,150.363872587,47.970107045,2.30579191401,164.439930651,52.4607469871,2.52164470037
623,200yd,constant_lift,4.62351740834,150.807290535,48.1508864931,2.03018656648,164.924858415,52.6584497956,2.22023902721
623,200yd,constant_lift,4.64351740834,151.249845986,48.3315253912,1.75235011997,165.408842942,52.8559988967,1.91639339454
623,200yd,constant_lift,4.66351740834,151.691545157,48.5120246136,1.47228878942,165.891891029,53.0533952467,1.61011459911
623,200yd,constant_lift,4.68351740834,152.132394227,48.692385031,1.1900088252,166.374009435,53.2506397976,1.30140947638
623,200yd,constant_lift,4.70351740834,152.572399338,48.8726075103,0.905516512652,166.855204875,53.4477334977,0.990284900101
623,200yd,constant_lift,4.72351740834,153.011566597,49.0526929151,0.618818171699,167.33548403,53.6446772913,0.676747781824
623,200yd,constant_lift,4.74351740834,153.449902074,49.2326421053,0.329920156403,167.814853537,53.8414721186,0.360805070432
623,200yd,constant_lift,4.76351740834,153.887411808,49.4124559372,0.0388288545321,168.29332,54.0381189165,0.0424637516755
623,200yd,constant_lift,4.7661739074,153.945462216,49.4363295632,6.5641936331e-15,168.356804698,54.0642274313,7.17868945002e-15
